{"settings":{"migrated":"sr6","addOns":{"transitionpack":{"u":true}},"title":"001-Bounce","alias":"001-Bounce","type":"standard","fonts":{"'Bowlby+One+SC'":{"name":"'Bowlby One SC'","normal":{"400":true},"subset":{"latin":true}}},"prem":true,"class":"rs-respect-topbar","vPort":["100px","100px","100px","100px","100px"],"size":{"fullWidth":false,"fullHeightOffset":"#masthead,","contentFH":true,"width":[1080,1080,1024,778,480],"height":[1920,1920,1820,1383,853],"cachedHeight":[1920,1920,768,960,720],"minHeight":["1920px","1920px","1920px","1920px","1920px"],"maxHeight":["1920px","1920px","1920px","1920px","1920px"],"maxWidth":"1080px"},"codes":{"js":"\n\/\/ \u256d\u2500\u2500\u2500\u2500\u2500\u2500\u2500\u2500\u2500\u2500\u2500\u2500\u2500\u2500\u2500\u2500\u2500\u2500\u2500\u2500\u2500\u2500\u2500\u2500\u2500\u2500\u2500\u2500\u2500\u2500\u2500\u2500\u2500\u2500\u2500\u2500\u2500\u2500\u2500\u2500\u2500\u2500\u2500\u2500\u2500\u2500\u2500\u2500\u2500\u2500\u2500\u2500\u2500\u2500\u2500\u2500\u2500\u2500\u2500\u2500\u2500\u2500\u2500\u2500\u2500\u2500\u2500\u2500\u2500\u2500\u2500\u2500\u2500\u2500\u2500\u256e\n\/\/ \u2502          This will fetch the JSON will from one of two locations          \u2502\n\/\/ \u2570\u2500\u2500\u2500\u2500\u2500\u2500\u2500\u2500\u2500\u2500\u2500\u2500\u2500\u2500\u2500\u2500\u2500\u2500\u2500\u2500\u2500\u2500\u2500\u2500\u2500\u2500\u2500\u2500\u2500\u2500\u2500\u2500\u2500\u2500\u2500\u2500\u2500\u2500\u2500\u2500\u2500\u2500\u2500\u2500\u2500\u2500\u2500\u2500\u2500\u2500\u2500\u2500\u2500\u2500\u2500\u2500\u2500\u2500\u2500\u2500\u2500\u2500\u2500\u2500\u2500\u2500\u2500\u2500\u2500\u2500\u2500\u2500\u2500\u2500\u2500\u256f\nfunction fetchFile(url1, url2) {\n    return new Promise((resolve, reject) => {\n        \/\/ Attempt to fetch from the first URL\n        fetch(url1)\n            .then(response => {\n                if (response.ok) {\n                    resolve(response);\n                } else {\n                    \/\/ If fetch from the first URL fails, attempt the second URL\n                    fetch(url2)\n                        .then(response => {\n                            if (response.ok) {\n                                resolve(response);\n                            } else {\n                                reject(new Error('File not found in both locations'));\n                            }\n                        })\n                        .catch(error => reject(error));\n                }\n            })\n            .catch(() => {\n                \/\/ If fetch from the first URL fails, attempt the second URL\n                fetch(url2)\n                    .then(response => {\n                        if (response.ok) {\n                            resolve(response);\n                        } else {\n                            reject(new Error('File not found in both locations'));\n                        }\n                    })\n                    .catch(error => reject(error));\n            });\n    });\n}\n\n\n\n\/\/ \u256d\u2500\u2500\u2500\u2500\u2500\u2500\u2500\u2500\u2500\u2500\u2500\u2500\u2500\u2500\u2500\u2500\u2500\u2500\u2500\u2500\u2500\u2500\u2500\u2500\u2500\u2500\u2500\u2500\u2500\u2500\u2500\u2500\u2500\u2500\u2500\u2500\u2500\u2500\u2500\u2500\u2500\u2500\u2500\u2500\u2500\u2500\u2500\u2500\u2500\u2500\u2500\u2500\u2500\u2500\u2500\u2500\u2500\u2500\u2500\u2500\u2500\u2500\u2500\u2500\u2500\u2500\u2500\u2500\u2500\u2500\u2500\u2500\u2500\u2500\u2500\u256e\n\/\/ \u2502              Use JSON file and then substitute text in file                 \u2502\n\/\/ \u2570\u2500\u2500\u2500\u2500\u2500\u2500\u2500\u2500\u2500\u2500\u2500\u2500\u2500\u2500\u2500\u2500\u2500\u2500\u2500\u2500\u2500\u2500\u2500\u2500\u2500\u2500\u2500\u2500\u2500\u2500\u2500\u2500\u2500\u2500\u2500\u2500\u2500\u2500\u2500\u2500\u2500\u2500\u2500\u2500\u2500\u2500\u2500\u2500\u2500\u2500\u2500\u2500\u2500\u2500\u2500\u2500\u2500\u2500\u2500\u2500\u2500\u2500\u2500\u2500\u2500\u2500\u2500\u2500\u2500\u2500\u2500\u2500\u2500\u2500\u2500\u256f\n\n\/\/ Check both of the locations for file\nvar url1 = '.\/inputs.json';\nvar url2 = '.\/wp-content\/themes\/slider\/inputs.json';\n\nsetTimeout(() => {\nfetchFile(url1, url2)\n    .then(response => response.json())\n    .then(data => {\n        console.log(data);\n        \n        \/\/ \u256d\u2500\u2500\u2500\u2500\u2500\u2500\u2500\u2500\u2500\u2500\u2500\u2500\u2500\u2500\u2500\u2500\u2500\u2500\u2500\u2500\u2500\u2500\u2500\u2500\u2500\u2500\u2500\u2500\u2500\u2500\u2500\u2500\u2500\u2500\u2500\u2500\u2500\u2500\u2500\u2500\u2500\u2500\u2500\u2500\u2500\u2500\u2500\u2500\u2500\u2500\u2500\u2500\u2500\u2500\u2500\u256e\n        \/\/ \u2502       Override STYLE with !important CSS Rules        \u2502\n        \/\/ \u2570\u2500\u2500\u2500\u2500\u2500\u2500\u2500\u2500\u2500\u2500\u2500\u2500\u2500\u2500\u2500\u2500\u2500\u2500\u2500\u2500\u2500\u2500\u2500\u2500\u2500\u2500\u2500\u2500\u2500\u2500\u2500\u2500\u2500\u2500\u2500\u2500\u2500\u2500\u2500\u2500\u2500\u2500\u2500\u2500\u2500\u2500\u2500\u2500\u2500\u2500\u2500\u2500\u2500\u2500\u2500\u256f\n        let cssRules = '';\n        for (const key in data) {\n            if (data.hasOwnProperty(key)) {\n                if (typeof data[key] === 'object' && data[key].hasOwnProperty('style')) {\n                    const styleObj = data[key].style;\n                    cssRules += `${key} {`;\n                    for (const styleKey in styleObj) {\n                        if (styleObj.hasOwnProperty(styleKey)) {\n                            cssRules += `${styleKey}: ${styleObj[styleKey]} !important; `;\n                        }\n                    }\n                    cssRules += `}\\n`;\n                }\n            }\n        }\n\n        \/\/ Create <style> element and append to <head>\n        const styleElement = document.createElement('style');\n        styleElement.textContent = cssRules;\n        document.head.appendChild(styleElement);\n        \n\n        \/\/ \u256d\u2500\u2500\u2500\u2500\u2500\u2500\u2500\u2500\u2500\u2500\u2500\u2500\u2500\u2500\u2500\u2500\u2500\u2500\u2500\u2500\u2500\u2500\u2500\u2500\u2500\u2500\u2500\u2500\u2500\u2500\u2500\u2500\u2500\u2500\u2500\u2500\u2500\u2500\u2500\u2500\u2500\u2500\u2500\u2500\u2500\u2500\u2500\u2500\u2500\u2500\u2500\u2500\u2500\u2500\u2500\u256e\n        \/\/ \u2502                 Replace the InnerText                 \u2502\n        \/\/ \u2570\u2500\u2500\u2500\u2500\u2500\u2500\u2500\u2500\u2500\u2500\u2500\u2500\u2500\u2500\u2500\u2500\u2500\u2500\u2500\u2500\u2500\u2500\u2500\u2500\u2500\u2500\u2500\u2500\u2500\u2500\u2500\u2500\u2500\u2500\u2500\u2500\u2500\u2500\u2500\u2500\u2500\u2500\u2500\u2500\u2500\u2500\u2500\u2500\u2500\u2500\u2500\u2500\u2500\u2500\u2500\u256f\n        for (const key in data) {\n            if (data.hasOwnProperty(key)) {\n                const elementsByClass = document.querySelectorAll(`${key}`);\n                elementsByClass.forEach(element => {\n                    if (data[key].hasOwnProperty('innertext') && data[key].innertext !== \"\") {\n                        element.innerText = data[key].innertext;\n                        element.offsetHeight;\n                        element.style.display = 'none';\n                        element.offsetHeight; \/\/ Reflow again to ensure the display change takes effect\n                        element.style.display = ''; \/\/ Repaint\n                    }\n                });\n            }\n        }\n    })\n    .catch(error => console.error('Error fetching or parsing JSON:', error));\n}, 100);"},"carousel":{"type":"h","align":"center","maxV":3,"justify":false,"scale":false,"minS":50,"vScale":false,"oScale":false,"space":0,"rotation":false,"maxR":0,"varR":false,"opacity":true,"maxO":100,"varO":false,"spin":"off","spinA":0,"snap":true,"infinity":false,"skewX":0,"skewY":0,"ease":"power3.inOut","dur":800,"overshoot":false,"stretch":false,"showAllLayers":"false","jMWidth":false,"bR":0,"bRU":"px","pNV":"50px","pT":0,"pB":0},"slideshow":{"auto":false,"stopAt":1},"shdw":0,"bg":{"color":{"type":"solid","orig":"rgba(12, 12, 12, 0)","string":"rgba(12, 12, 12, 0)"}},"mod":{"use":true,"t":"mousescroll"},"nav":{"p":{"w":50,"h":100}},"thumb":"assets\/bounce-thumb.jpg","aU":["transitionpack"],"imgs":[],"version":""},"slides":{"3":{"id":3,"slide":{"addOns":[],"id":3,"version":"6.7.13","title":"bounce","parentId":null,"language":"default","order":1,"thumb":{"src":"assets\/bounce-thumb.jpg","srcId":"","admin":"assets\/bounce-thumb.jpg","adminId":"","dimension":"slider"},"description":"","attr":{"class":"","data":"","id":"","a":"","aO":"ml","t":"","tO":"","deepLink":"","attr":""},"publish":{"from":"","to":"","state":""},"slideshow":{"stop":false,"len":"default","hal":0,"hom":false,"hfn":false},"loop":{"u":false,"r":-1,"s":0,"e":99999}},"layers":{"0":{"fluid":{"tx":true,"tr":true,"sp":true},"id":0,"alias":"N","content":{"text":"n","trans":"uppercase"},"size":{"w":["#a","auto","auto","auto","auto"],"h":["#a","auto","auto","auto","auto"],"minW":["none","none","none","none","none"],"minH":[0,0,"none","none","none"]},"pos":{"x":["0","0","0","0","0"],"y":["0","0","0","0","0"],"pos":"relative","float":["none","none","none","none","none"],"clear":["none","none","none","none","none"]},"pid":"33","zIndex":9,"order":3,"display":"inline-block","vA":"top","bg":{"color":{"orig":"transparent","type":"solid","string":"transparent"}},"attr":{"aO":"ml","id":"Letter4ID","class":"Letter4Class AllClass HeaderClass","tO":"ml"},"tl":{"in":{"content":{"pers":"600px","orig":{"x":"50%","y":"50%","z":"0"},"all":[{"t":0,"d":0,"f":0,"e":"power3.in","pE":"d","x":["0px","0px","0px","0px","0px"],"y":["top","top","top","top","top"],"sX":1,"skY":"5px","o":"1","rZ":"10deg","xRe":0,"yRe":1,"off":1},{"t":400,"d":500,"f":500,"e":"power3.in","pE":"d","x":["0px","0px","0px","0px","0px"],"y":["0px","0px","0px","0px","0px"],"sX":1,"skY":0,"o":1,"rZ":0,"xRe":0,"yRe":0,"off":1},{"t":900,"d":600,"f":600,"e":"power3.out","pE":"d","x":["inherit","inherit","inherit","inherit","inherit"],"y":["-160px","-160px","-151px","-114px","-70px"],"rep":{"s":"s","r":-1,"sh":true,"y":false,"c":true},"sX":"1","o":1,"rZ":"10deg","xRe":0,"yRe":0,"off":1},{"t":1500,"d":400,"f":400,"e":"power3.in","pE":"d","x":["inherit","inherit","inherit","inherit","inherit"],"y":["0px","0px","0px","0px","0px"],"rep":{"s":"e","r":-1,"sh":false,"y":false,"c":true},"sX":"1","o":1,"rZ":"0deg","xRe":0,"yRe":0,"off":1}]}},"out":{"content":{"pers":"600px","orig":{"x":"50%","y":"50%","z":"0"},"all":[{"t":0,"d":300,"f":300,"e":"power3.inOut","pE":"n","x":["inherit","inherit","inherit","inherit","inherit"],"y":["inherit","inherit","inherit","inherit","inherit"],"o":0,"xRe":0,"yRe":0,"off":1}]}}},"p":{"t":[0,0,0,0,0],"b":[0,0,0,0,0],"l":[0,0,0,0,0],"r":[0,0,0,0,0]},"m":{"t":[0,0,0,0,0],"b":[0,0,0,0,0],"l":[0,0,0,0,0],"r":[0,0,0,0,0]},"radius":{"t":"0px","r":"0px","b":"0px","l":"0px"},"color":["#d9c43d","#d9c43d","#d9c43d","#d9c43d","#d9c43d"],"font":{"family":"'Bowlby One SC'","size":["200px","200px","186px","141px","86px"],"weight":[400,400,400,400,400],"ls":["0px","0px","0px","0px","0px"]},"lh":["200px","200px","189px","143px","88px"],"type":"text","toggle":{"text":""}},"1":{"fluid":{"tx":true,"tr":true,"sp":true},"id":1,"alias":"E","content":{"text":"e","trans":"uppercase"},"size":{"w":["#a","auto","auto","auto","auto"],"h":["#a","auto","auto","auto","auto"],"minW":["none","none","none","none","none"],"minH":[0,0,"none","none","none"]},"pos":{"x":["591px","591px","560px","425px","262px"],"y":["-138px","-138px","-130px","-98px","-60px"],"h":["right","right","right","right","right"],"v":["middle","middle","middle","middle","middle"],"pos":"relative","float":["none","none","none","none","none"],"clear":["none","none","none","none","none"]},"pid":"33","zIndex":7,"display":"inline-block","vA":"top","bg":{"color":{"orig":"transparent","type":"solid","string":"transparent"}},"attr":{"aO":"ml","id":"Letter6ID","class":"Letter6Class AllClass HeaderClass","tO":"ml"},"tl":{"in":{"content":{"pers":"600px","orig":{"x":"50%","y":"50%","z":"0"},"all":[{"t":0,"d":0,"f":0,"e":"power3.in","pE":"d","x":["0px","0px","0px","0px","0px"],"y":["top","top","top","top","top"],"sX":1,"skY":"5px","o":"1","rZ":"8deg","xRe":0,"yRe":1,"off":1},{"t":400,"d":500,"f":500,"e":"power3.in","pE":"d","x":["0px","0px","0px","0px","0px"],"y":["0px","0px","0px","0px","0px"],"sX":1,"skY":0,"o":1,"rZ":0,"xRe":0,"yRe":0,"off":1},{"t":900,"d":600,"f":600,"e":"power3.out","pE":"d","x":["inherit","inherit","inherit","inherit","inherit"],"y":["-160px","-160px","-151px","-114px","-70px"],"rep":{"s":"s","r":-1,"sh":true,"y":false,"c":true},"sX":"1","o":1,"rZ":"8deg","xRe":0,"yRe":0,"off":1},{"t":1500,"d":400,"f":400,"e":"power3.in","pE":"d","x":["inherit","inherit","inherit","inherit","inherit"],"y":["0px","0px","0px","0px","0px"],"rep":{"s":"e","r":-1,"sh":false,"y":false,"c":true},"sX":"1","o":1,"rZ":"0deg","xRe":0,"yRe":0,"off":1}]}},"out":{"content":{"pers":"600px","orig":{"x":"50%","y":"50%","z":"0"},"all":[{"t":0,"d":300,"f":300,"e":"power3.inOut","pE":"n","x":["inherit","inherit","inherit","inherit","inherit"],"y":["inherit","inherit","inherit","inherit","inherit"],"o":0,"xRe":0,"yRe":0,"off":1}]}}},"p":{"t":[0,0,0,0,0],"b":[0,0,0,0,0],"l":[0,0,0,0,0],"r":[0,0,0,0,0]},"m":{"t":[0,0,0,0,0],"b":[0,0,0,0,0],"l":[0,0,0,0,0],"r":[0,0,0,0,0]},"radius":{"t":"0px","r":"0px","b":"0px","l":"0px"},"color":["#d9c43d","#d9c43d","#d9c43d","#d9c43d","#d9c43d"],"font":{"family":"'Bowlby One SC'","size":["200px","200px","186px","141px","86px"],"weight":[400,400,400,400,400],"ls":["0px","0px","0px","0px","0px"]},"lh":["200px","200px","189px","143px","88px"],"type":"text","toggle":{"text":""}},"4":{"fluid":{"tx":true,"tr":true,"sp":true},"id":4,"alias":"U","content":{"text":"u","trans":"uppercase"},"size":{"w":["#a","auto","auto","auto","auto"],"h":["#a","auto","auto","auto","auto"],"minW":["none","none","none","none","none"],"minH":[0,0,"none","none","none"]},"pos":{"x":["591px","591px","560px","425px","262px"],"y":["-138px","-138px","-130px","-98px","-60px"],"h":["right","right","right","right","right"],"v":["middle","middle","middle","middle","middle"],"pos":"relative","float":["none","none","none","none","none"],"clear":["none","none","none","none","none"]},"pid":"33","zIndex":10,"order":2,"display":"inline-block","vA":"top","bg":{"color":{"orig":"transparent","type":"solid","string":"transparent"}},"attr":{"aO":"ml","id":"Letter3ID","class":"Letter2Class AllClass HeaderClass","tO":"ml"},"tl":{"in":{"content":{"pers":"600px","orig":{"x":"50%","y":"50%","z":"0"},"all":[{"t":0,"d":0,"f":0,"e":"power3.in","pE":"d","x":["0px","0px","0px","0px","0px"],"y":["top","top","top","top","top"],"sX":1,"skY":"5px","o":"1","rZ":"-10deg","xRe":0,"yRe":1,"off":1},{"t":400,"d":500,"f":500,"e":"power3.in","pE":"d","x":["0px","0px","0px","0px","0px"],"y":["0px","0px","0px","0px","0px"],"sX":1,"skY":0,"o":1,"rZ":0,"xRe":0,"yRe":0,"off":1},{"t":900,"d":600,"f":600,"e":"power3.out","pE":"d","x":["inherit","inherit","inherit","inherit","inherit"],"y":["-180px","-180px","-170px","-129px","-79px"],"rep":{"s":"s","r":-1,"sh":true,"y":false,"c":true},"sX":"1","o":1,"rZ":"-10deg","xRe":0,"yRe":0,"off":1},{"t":1500,"d":400,"f":400,"e":"power3.in","pE":"d","x":["inherit","inherit","inherit","inherit","inherit"],"y":["0px","0px","0px","0px","0px"],"rep":{"s":"e","r":-1,"sh":false,"y":false,"c":true},"sX":"1","o":1,"rZ":"0deg","xRe":0,"yRe":0,"off":1}]}},"out":{"content":{"pers":"600px","orig":{"x":"50%","y":"50%","z":"0"},"all":[{"t":0,"d":300,"f":300,"e":"power3.inOut","pE":"n","x":["inherit","inherit","inherit","inherit","inherit"],"y":["inherit","inherit","inherit","inherit","inherit"],"o":0,"xRe":0,"yRe":0,"off":1}]}}},"p":{"t":[0,0,0,0,0],"b":[0,0,0,0,0],"l":[0,0,0,0,0],"r":[0,0,0,0,0]},"m":{"t":[0,0,0,0,0],"b":[0,0,0,0,0],"l":[0,0,0,0,0],"r":[0,0,0,0,0]},"radius":{"t":"0px","r":"0px","b":"0px","l":"0px"},"color":["#d9c43d","#d9c43d","#d9c43d","#d9c43d","#d9c43d"],"font":{"family":"'Bowlby One SC'","size":["200px","200px","186px","141px","86px"],"weight":[400,400,400,400,400],"ls":["0px","0px","0px","0px","0px"]},"lh":["200px","200px","189px","143px","88px"],"type":"text","toggle":{"text":""}},"10":{"fluid":{"tx":true,"tr":true,"sp":true},"id":10,"alias":"O","content":{"text":"o","trans":"uppercase"},"size":{"w":["#a","auto","auto","auto","auto"],"h":["#a","auto","auto","auto","auto"],"minW":["none","none","none","none","none"],"minH":[0,0,"none","none","none"]},"pos":{"x":["64px","64px","60px","45px","27px"],"y":["-344px","-344px","-326px","-247px","-152px"],"v":["middle","middle","middle","middle","middle"],"pos":"relative","float":["none","none","none","none","none"],"clear":["none","none","none","none","none"]},"pid":"33","zIndex":11,"order":1,"display":"inline-block","vA":"top","bg":{"color":{"orig":"transparent","type":"solid","string":"transparent"}},"attr":{"aO":"ml","id":"Letter2ID","class":"Letter2Class AllClass HeaderClass","tO":"ml"},"tl":{"in":{"content":{"pers":"600px","orig":{"x":"50%","y":"50%","z":"0"},"all":[{"t":0,"d":0,"f":0,"e":"power3.in","pE":"d","x":["0px","0px","0px","0px","0px"],"y":["top","top","top","top","top"],"sX":1,"skY":"5px","o":"1","rZ":"-10deg","xRe":0,"yRe":1,"off":1},{"t":400,"d":500,"f":500,"e":"power3.in","pE":"d","x":["0px","0px","0px","0px","0px"],"y":["0px","0px","0px","0px","0px"],"sX":1,"skY":0,"o":1,"rZ":0,"xRe":0,"yRe":0,"off":1},{"t":900,"d":600,"f":600,"e":"power3.out","pE":"d","x":["inherit","inherit","inherit","inherit","inherit"],"y":["-200px","-200px","-189px","-143px","-88px"],"rep":{"s":"s","r":-1,"sh":true,"y":false,"c":true},"sX":"1","o":1,"rZ":"-10deg","xRe":0,"yRe":0,"off":1},{"t":1500,"d":400,"f":400,"e":"power3.in","pE":"d","x":["inherit","inherit","inherit","inherit","inherit"],"y":["0px","0px","0px","0px","0px"],"rep":{"s":"e","r":-1,"sh":false,"y":false,"c":true},"sX":"1","o":1,"rZ":"0deg","xRe":0,"yRe":0,"off":1}]}},"out":{"content":{"pers":"600px","orig":{"x":"50%","y":"50%","z":"0"},"all":[{"t":0,"d":300,"f":300,"e":"power3.inOut","pE":"n","x":["inherit","inherit","inherit","inherit","inherit"],"y":["inherit","inherit","inherit","inherit","inherit"],"o":0,"xRe":0,"yRe":0,"off":1}]}}},"p":{"t":[0,0,0,0,0],"b":[0,0,0,0,0],"l":[0,0,0,0,0],"r":[0,0,0,0,0]},"m":{"t":[0,0,0,0,0],"b":[0,0,0,0,0],"l":[0,0,0,0,0],"r":[0,0,0,0,0]},"radius":{"t":"0px","r":"0px","b":"0px","l":"0px"},"color":["#d9c43d","#d9c43d","#d9c43d","#d9c43d","#d9c43d"],"font":{"family":"'Bowlby One SC'","size":["200px","200px","186px","141px","86px"],"weight":[400,400,400,400,400],"ls":["0px","0px","0px","0px","0px"]},"lh":["200px","200px","189px","143px","88px"],"type":"text","toggle":{"text":""}},"11":{"fluid":{"tx":true,"tr":true,"sp":true},"id":11,"alias":"C","content":{"text":"c","trans":"uppercase"},"size":{"w":["#a","auto","auto","auto","auto"],"h":["#a","auto","auto","auto","auto"],"minW":["none","none","none","none","none"],"minH":[0,0,"none","none","none"]},"pos":{"x":["0","0","0","0","0"],"y":["0","0","0","0","0"],"pos":"relative","float":["none","none","none","none","none"],"clear":["none","none","none","none","none"]},"pid":"33","zIndex":8,"order":4,"display":"inline-block","vA":"top","bg":{"color":{"orig":"transparent","type":"solid","string":"transparent"}},"attr":{"aO":"ml","id":"Letter5ID","class":"Letter5Class AllClass HeaderClass","tO":"ml"},"tl":{"in":{"content":{"pers":"600px","orig":{"x":"50%","y":"50%","z":"0"},"all":[{"t":0,"d":0,"f":0,"e":"power3.in","pE":"d","x":["0px","0px","0px","0px","0px"],"y":["top","top","top","top","top"],"sX":1,"skY":"5px","o":"1","rZ":"-7deg","xRe":0,"yRe":1,"off":1},{"t":400,"d":500,"f":500,"e":"power3.in","pE":"d","x":["0px","0px","0px","0px","0px"],"y":["0px","0px","0px","0px","0px"],"sX":1,"skY":0,"o":1,"rZ":0,"xRe":0,"yRe":0,"off":1},{"t":900,"d":600,"f":600,"e":"power3.out","pE":"d","x":["inherit","inherit","inherit","inherit","inherit"],"y":["-140px","-140px","-132px","-100px","-61px"],"rep":{"s":"s","r":-1,"sh":true,"y":false,"c":true},"sX":"1","o":1,"rZ":"-7deg","xRe":0,"yRe":0,"off":1},{"t":1500,"d":400,"f":400,"e":"power3.in","pE":"d","x":["inherit","inherit","inherit","inherit","inherit"],"y":["0px","0px","0px","0px","0px"],"rep":{"s":"e","r":-1,"sh":false,"y":false,"c":true},"sX":"1","o":1,"rZ":"0deg","xRe":0,"yRe":0,"off":1}]}},"out":{"content":{"pers":"600px","orig":{"x":"50%","y":"50%","z":"0"},"all":[{"t":0,"d":300,"f":300,"e":"power3.inOut","pE":"n","x":["inherit","inherit","inherit","inherit","inherit"],"y":["inherit","inherit","inherit","inherit","inherit"],"o":0,"xRe":0,"yRe":0,"off":1}]}}},"p":{"t":[0,0,0,0,0],"b":[0,0,0,0,0],"l":[0,0,0,0,0],"r":[0,0,0,0,0]},"m":{"t":[0,0,0,0,0],"b":[0,0,0,0,0],"l":[0,0,0,0,0],"r":[0,0,0,0,0]},"radius":{"t":"0px","r":"0px","b":"0px","l":"0px"},"color":["#d9c43d","#d9c43d","#d9c43d","#d9c43d","#d9c43d"],"font":{"family":"'Bowlby One SC'","size":["200px","200px","186px","141px","86px"],"weight":[400,400,400,400,400],"ls":["0px","0px","0px","0px","0px"]},"lh":["200px","200px","189px","143px","88px"],"type":"text","toggle":{"text":""}},"16":{"fluid":{"tx":true,"tr":true,"sp":true},"id":16,"alias":"B","content":{"text":"b","trans":"uppercase"},"size":{"w":["#a","auto","auto","auto","auto"],"h":["#a","auto","auto","auto","auto"],"minW":["none","none","none","none","none"],"minH":[0,0,"none","none","none"]},"pos":{"x":["64px","64px","60px","45px","27px"],"y":["-344px","-344px","-326px","-247px","-152px"],"v":["middle","middle","middle","middle","middle"],"pos":"relative","float":["none","none","none","none","none"],"clear":["none","none","none","none","none"]},"pid":"33","zIndex":12,"order":0,"display":"inline-block","vA":"top","bg":{"color":{"orig":"transparent","type":"solid","string":"transparent"}},"attr":{"aO":"ml","id":"Letter1ID","class":"Letter1Class AllClass HeaderClass","tO":"ml"},"tl":{"in":{"content":{"pers":"600px","orig":{"x":"50%","y":"50%","z":"0"},"all":[{"t":0,"d":0,"f":0,"e":"power3.in","pE":"d","x":["0px","0px","0px","0px","0px"],"y":["top","top","top","top","top"],"sX":1,"skY":"5px","o":"1","rZ":"10deg","xRe":0,"yRe":1,"off":1},{"t":400,"d":500,"f":500,"e":"power3.in","pE":"d","x":["0px","0px","0px","0px","0px"],"y":["0px","0px","0px","0px","0px"],"sX":1,"skY":0,"o":1,"rZ":0,"xRe":0,"yRe":0,"off":1},{"t":900,"d":600,"f":600,"e":"power3.out","pE":"d","x":["inherit","inherit","inherit","inherit","inherit"],"y":["-140px","-140px","-132px","-100px","-61px"],"rep":{"s":"s","r":-1,"sh":true,"y":false,"c":true},"sX":"1","o":1,"rZ":"5deg","xRe":0,"yRe":0,"off":1},{"t":1500,"d":400,"f":400,"e":"power3.in","pE":"d","x":["inherit","inherit","inherit","inherit","inherit"],"y":["0px","0px","0px","0px","0px"],"rep":{"s":"e","r":-1,"sh":false,"y":false,"c":true},"sX":"1","o":1,"rZ":"0deg","xRe":0,"yRe":0,"off":1}]}},"out":{"content":{"pers":"600px","orig":{"x":"50%","y":"50%","z":"0"},"all":[{"t":0,"d":300,"f":300,"e":"power3.inOut","pE":"n","x":["inherit","inherit","inherit","inherit","inherit"],"y":["inherit","inherit","inherit","inherit","inherit"],"o":0,"xRe":0,"yRe":0,"off":1}]}}},"p":{"t":[0,0,0,0,0],"b":[0,0,0,0,0],"l":[0,0,0,0,0],"r":[0,0,0,0,0]},"m":{"t":[0,0,0,0,0],"b":[0,0,0,0,0],"l":[0,0,0,0,0],"r":[0,0,0,0,0]},"radius":{"t":"0px","r":"0px","b":"0px","l":"0px"},"color":["#d9c43d","#d9c43d","#d9c43d","#d9c43d","#d9c43d"],"font":{"family":"'Bowlby One SC'","size":["200px","200px","186px","141px","86px"],"weight":[400,400,400,400,400],"ls":["0px","0px","0px","0px","0px"]},"lh":["200px","200px","189px","143px","88px"],"type":"text","toggle":{"text":""}},"30":{"fluid":{"tx":true,"tr":true},"id":30,"alias":"Row-30","subtype":"row","size":{"w":["auto","auto","auto","auto","auto"],"h":["auto","auto","auto","auto","auto"],"minW":["none","none","none","none","none"],"minH":["none","none","none","none","none"]},"pos":{"x":["50px","50px","50px","50px","50px"],"y":["50px","50px","50px","50px","50px"],"pos":"relative","float":["none","none","none","none","none"],"clear":["none","none","none","none","none"]},"pid":45,"zIndex":7,"order":0,"display":["block","block","block","block","block"],"vA":"top","bg":{"color":{"orig":"transparent","type":"solid","string":"transparent"}},"attr":{"aO":"ml","tO":"ml"},"tl":{"in":{"content":{"pers":"600px","orig":{"x":"50%","y":"50%","z":"0"},"all":[{"t":0,"d":0,"f":0,"e":"power2.inOut","pE":"d","x":[0,0,0,0,0],"y":["top","top","top","top","top"],"o":1,"xRe":2,"yRe":2,"off":0},{"t":0,"d":1200,"f":1200,"e":"power2.inOut","pE":"d","x":[0,0,0,0,0],"y":[0,0,0,0,0],"o":1,"xRe":2,"yRe":2,"off":0}]}},"out":{"content":{"pers":"600px","orig":{"x":"50%","y":"50%","z":"0"},"all":[{"t":0,"d":300,"f":300,"e":"power3.inOut","pE":"n","x":["inherit","inherit","inherit","inherit","inherit"],"y":["inherit","inherit","inherit","inherit","inherit"],"o":0,"xRe":2,"yRe":2,"off":0}]}}},"break":3,"p":{"t":[0,0,0,0,0],"b":[0,0,0,0,0],"l":[0,0,0,0,0],"r":[0,0,0,0,0]},"m":{"t":[100,100,70,70,220],"b":[0,0,0,0,0],"l":[60,60,40,40,20],"r":[60,60,40,40,20]},"lh":[25,25,25,25,25],"type":"container","content":{"text":""},"toggle":{"text":""}},"33":{"fluid":{"tx":true,"tr":true},"id":33,"alias":"Column-33","subtype":"column","size":{"w":["auto","auto","auto","auto","auto"],"h":["auto","auto","auto","auto","auto"],"minW":["none","none","none","none","none"],"minH":["none","none","none","none","none"],"col":"1\/1"},"pos":{"x":["50px","50px","50px","50px","50px"],"y":["50px","50px","50px","50px","50px"],"pos":"relative","float":["none","none","none","none","none"],"clear":["none","none","none","none","none"]},"pid":"30","zIndex":6,"order":0,"display":["block","block","block","block","block"],"vA":"top","bg":{"color":{"orig":"transparent","type":"solid","string":"transparent"}},"attr":{"aO":"ml","tO":"ml"},"tl":{"in":{"content":{"pers":"600px","orig":{"x":"50%","y":"50%","z":"0"},"all":[{"t":0,"d":0,"f":0,"e":"power3.inOut","pE":"d","x":[0,0,0,0,0],"y":[0,0,0,0,0],"o":1,"xRe":1,"yRe":1,"off":0},{"t":0,"d":300,"f":300,"e":"power3.inOut","pE":"d","x":[0,0,0,0,0],"y":[0,0,0,0,0],"o":1,"xRe":1,"yRe":1,"off":0}]}},"out":{"content":{"pers":"600px","orig":{"x":"50%","y":"50%","z":"0"},"all":[{"t":0,"d":300,"f":300,"e":"power3.inOut","pE":"n","x":["inherit","inherit","inherit","inherit","inherit"],"y":["inherit","inherit","inherit","inherit","inherit"],"o":0,"xRe":1,"yRe":1,"off":0}]}}},"p":{"t":[0,0,0,0,0],"b":[0,0,0,0,0],"l":[0,0,0,0,0],"r":[0,0,0,0,0]},"m":{"t":[0,0,0,0,0],"b":[0,0,0,0,0],"l":[0,0,0,0,0],"r":[0,0,0,0,0]},"tA":["center","center","center","center","center"],"lh":[25,25,25,25,25],"type":"container","content":{"text":""},"toggle":{"text":""}},"34":{"fluid":{"tx":true,"tr":true},"id":34,"alias":"Copy row-30","subtype":"row","size":{"w":["auto","auto","auto","auto","auto"],"h":["auto","auto","auto","auto","auto"],"minW":["none","none","none","none","none"],"minH":["none","none","none","none","none"]},"pos":{"x":["50px","50px","50px","50px","50px"],"y":["50px","50px","50px","50px","50px"],"pos":"relative","float":["none","none","none","none","none"],"clear":["none","none","none","none","none"]},"pid":45,"zIndex":6,"order":1,"display":["block","block","block","block","block"],"vA":"top","bg":{"color":{"orig":"transparent","type":"solid","string":"transparent"}},"attr":{"aO":"ml","tO":"ml"},"tl":{"in":{"content":{"pers":"600px","orig":{"x":"50%","y":"50%","z":"0"},"all":[{"t":0,"d":0,"f":0,"e":"back.out","pE":"d","x":[0,0,0,0,0],"y":["bottom","bottom","bottom","bottom","bottom"],"o":1,"xRe":2,"yRe":2,"off":0},{"t":200,"d":1000,"f":1000,"e":"back.out","pE":"d","x":[0,0,0,0,0],"y":[0,0,0,0,0],"o":1,"xRe":2,"yRe":2,"off":0}]}},"out":{"content":{"pers":"600px","orig":{"x":"50%","y":"50%","z":"0"},"all":[{"t":0,"d":300,"f":300,"e":"power3.inOut","pE":"n","x":["inherit","inherit","inherit","inherit","inherit"],"y":["inherit","inherit","inherit","inherit","inherit"],"o":0,"xRe":2,"yRe":2,"off":0}]}}},"break":5,"p":{"t":[0,0,0,0,0],"b":[0,0,0,0,0],"l":[0,0,0,0,0],"r":[0,0,0,0,0]},"m":{"t":[0,0,0,0,0],"b":[0,0,0,0,70],"l":[60,60,60,60,20],"r":[60,60,60,60,20]},"lh":[25,25,25,25,25],"type":"container","content":{"text":""},"toggle":{"text":""}},"35":{"fluid":{"tx":true,"tr":true},"id":35,"alias":"Copy column-33","subtype":"column","size":{"w":["auto","auto","auto","auto","auto"],"h":["auto","auto","auto","auto","auto"],"minW":["none","none","none","none","none"],"minH":["none","none","none","none","none"],"col":"1\/1"},"pos":{"x":["50px","50px","50px","50px","50px"],"y":["50px","50px","50px","50px","50px"],"pos":"relative","float":["none","none","none","none","none"],"clear":["none","none","none","none","none"]},"pid":"34","zIndex":7,"order":0,"display":["block","block","block","block","block"],"vA":"top","bg":{"color":{"orig":"transparent","type":"solid","string":"transparent"}},"attr":{"aO":"ml","tO":"ml"},"tl":{"in":{"content":{"pers":"600px","orig":{"x":"50%","y":"50%","z":"0"},"all":[{"t":0,"d":0,"f":0,"e":"power3.inOut","pE":"d","x":[0,0,0,0,0],"y":[0,0,0,0,0],"o":1,"xRe":1,"yRe":1,"off":0},{"t":0,"d":300,"f":300,"e":"power3.inOut","pE":"d","x":[0,0,0,0,0],"y":[0,0,0,0,0],"o":1,"xRe":1,"yRe":1,"off":0}]}},"out":{"content":{"pers":"600px","orig":{"x":"50%","y":"50%","z":"0"},"all":[{"t":0,"d":300,"f":300,"e":"power3.inOut","pE":"n","x":["inherit","inherit","inherit","inherit","inherit"],"y":["inherit","inherit","inherit","inherit","inherit"],"o":0,"xRe":1,"yRe":1,"off":0}]}}},"p":{"t":[0,0,0,0,0],"b":[0,0,0,0,0],"l":[0,0,0,0,0],"r":[0,0,0,0,0]},"m":{"t":[0,0,0,0,0],"b":[0,0,0,0,0],"l":[0,0,0,0,0],"r":[0,0,0,0,0]},"tA":["center","center","center","center","center"],"lh":[25,25,25,25,25],"type":"container","content":{"text":""},"toggle":{"text":""}},"37":{"fluid":{"tx":true,"tr":true,"sp":true},"id":37,"alias":"Underline","size":{"w":["100%","100%","92%","92%","98%"],"h":["45px","45px","42px","31px","19px"],"minW":["none","none","none","none","none"],"minH":["none","none","none","none","none"]},"pos":{"x":["50px","50px","47px","35px","21px"],"y":["50px","50px","47px","35px","21px"],"pos":"relative","float":["none","none","none","none","none"],"clear":["both","both","both","both","both"]},"pid":"33","zIndex":6,"order":6,"display":"inline-block","vA":"top","bg":{"color":{"type":"solid","orig":"#d9c43d","string":"rgba(217, 196, 61, 1)"}},"attr":{"aO":"ml","id":"UnderlineID","class":"UnderlineClass AllClass HeaderClass","tO":"ml"},"tl":{"in":{"content":{"pers":"600px","orig":{"x":"50%","y":"50%","z":"0"},"all":[{"t":0,"d":0,"f":0,"e":"power2.inOut","pE":"d","x":[0,0,0,0,0],"y":["top","top","top","top","top"],"sY":1,"o":"1","xRe":0,"yRe":1,"off":1},{"t":0,"d":800,"f":800,"e":"power2.inOut","pE":"d","x":[0,0,0,0,0],"y":[0,0,0,0,0],"sY":1,"o":1,"xRe":0,"yRe":0,"off":1},{"t":900,"d":600,"f":600,"e":"power3.out","pE":"d","x":["inherit","inherit","inherit","inherit","inherit"],"y":["inherit","inherit","inherit","inherit","inherit"],"rep":{"s":"s","r":-1,"sh":true,"y":false,"c":true},"sY":"0.5","o":1,"xRe":0,"yRe":0,"off":1},{"t":1500,"d":400,"f":400,"e":"power3.in","pE":"d","x":["inherit","inherit","inherit","inherit","inherit"],"y":["inherit","inherit","inherit","inherit","inherit"],"rep":{"s":"e","r":-1,"sh":false,"y":false,"c":true},"sY":"1","o":1,"xRe":0,"yRe":0,"off":1}]}},"out":{"content":{"pers":"600px","orig":{"x":"50%","y":"50%","z":"0"},"all":[{"t":0,"d":300,"f":300,"e":"power3.inOut","pE":"n","x":["inherit","inherit","inherit","inherit","inherit"],"y":["inherit","inherit","inherit","inherit","inherit"],"o":0,"xRe":0,"yRe":0,"off":1}]}}},"p":{"t":[0,0,0,0,0],"b":[0,0,0,0,0],"l":[0,0,0,0,0],"r":[0,0,0,0,0]},"m":{"t":[-15,-15,-20,-15,-9],"b":[50,50,30,23,14],"l":[0,0,0,0,0],"r":[0,0,0,0,0]},"radius":{"t":"6px","r":"6px","b":"6px","l":"6px"},"type":"linebreak","content":{"text":""},"toggle":{"text":""}},"44":{"fluid":{"tx":true,"tr":true,"sp":true},"id":44,"alias":"Headline","content":{"text":"TEXT UNDER THE BOUNCE","trans":"uppercase"},"size":{"w":["#a","auto","auto","auto","auto"],"h":["#a","auto","auto","auto","auto"],"minW":["none","none","none","none","none"],"minH":[0,0,"none","none","none"]},"pos":{"x":["-343px","-343px","-325px","-246px","-151px"],"y":["126px","126px","119px","90px","55px"],"h":["center","center","center","center","center"],"v":["middle","middle","middle","middle","middle"],"pos":"relative","float":["left","left","none","none","none"],"clear":["none","none","none","none","none"]},"pid":"35","zIndex":6,"order":0,"display":"inline-block","vA":"top","bg":{"color":{"orig":"transparent","type":"solid","string":"transparent"}},"attr":{"aO":"ml","id":"ContentID","class":"ContentClass AllClass","tO":"ml"},"tl":{"in":{"content":{"pers":"600px","orig":{"x":"50%","y":"50%","z":"0"},"all":[{"t":0,"d":0,"f":0,"e":"power2.inOut","pE":"d","x":["0px","0px","0px","0px","0px"],"y":["bottom","bottom","bottom","bottom","bottom"],"o":"1","xRe":0,"yRe":1,"off":1},{"t":0,"d":1000,"f":1000,"e":"power2.inOut","pE":"d","x":["-1px","-1px","0px","0px","0px"],"y":["0px","0px","0px","0px","0px"],"o":1,"xRe":0,"yRe":0,"off":1}]}},"out":{"content":{"pers":"600px","orig":{"x":"50%","y":"50%","z":"0"},"all":[{"t":0,"d":300,"f":300,"e":"power3.inOut","pE":"n","x":["inherit","inherit","inherit","inherit","inherit"],"y":["inherit","inherit","inherit","inherit","inherit"],"o":0,"xRe":0,"yRe":0,"off":1}]}}},"p":{"t":[0,0,0,0,0],"b":[0,0,0,0,0],"l":[20,20,0,0,20],"r":[0,0,0,0,0]},"m":{"t":[0,0,0,0,0],"b":[0,0,0,0,0],"l":[0,0,0,0,0],"r":[0,0,0,0,0]},"radius":{"t":"0px","r":"0px","b":"0px","l":"0px"},"color":["#e5e5e5","#e5e5e5","#e5e5e5","#e5e5e5","#e5e5e5"],"font":{"family":"'Bowlby One SC'","size":["90px","90px","60px","55px","40px"],"weight":[400,400,400,400,400],"ls":["1","1",0,0,0]},"lh":["83px","83px","78px","52px","37px"],"type":"text","toggle":{"text":""}},"45":{"rTo":"slide","fluid":{"tx":true,"tr":true,"sp":true},"id":45,"alias":"MID ROWS","subtype":"zone","size":{"w":["auto","auto","auto","auto","auto"],"h":["auto","auto","auto","auto","auto"],"minW":["none","none","none","none","none"],"minH":["none","none","none","none","none"]},"pos":{"x":[0,0,0,0,0],"y":[0,0,0,0,0],"v":["mid","mid","mid","mid","mid"],"pos":"absolute","float":["none","none","none","none","none"],"clear":["none","none","none","none","none"]},"zIndex":10,"order":0,"display":["block","block","block","block","block"],"vA":"top","bg":{"color":{"orig":"transparent","type":"solid","string":"transparent"}},"attr":{"aO":"ml","tO":"ml"},"p":{"t":[0,0,0,0,0],"b":[0,0,0,0,0],"l":[0,0,0,0,0],"r":[0,0,0,0,0]},"m":{"t":[0,0,0,0,0],"b":[0,0,0,0,0],"l":[0,0,0,0,0],"r":[0,0,0,0,0]},"lh":[25,25,25,25,25],"type":"container","content":{"text":""},"toggle":{"text":""}},"46":{"rTo":"slide","id":46,"alias":"Slide BG Layer","subtype":"slidebg","size":{"cMode":"cover"},"pos":{"h":["center","center","center","center","center"],"v":["center","center","center","center","center"],"pos":"absolute"},"zIndex":0,"order":0,"display":["block","block","block","block","block"],"tl":{"in":{"bg":{"ms":"1200ms","rnd":false,"temp":{"t":"Motion Blurred Vertical","p":"custom","m":"tpack","g":"tpflats"},"addOns":{"tpack":{"pp":"blur","ef":"flat","y":"(-3)","z":100}},"e":"tpbasic","d":20,"eng":"transitionPack","in":{"o":1,"e":"power3.inOut"},"out":{"a":false}}}},"type":"shape"}}},"4":{"id":"4","slide":{"addOns":[],"id":4,"version":"6.7.13","title":"Global Layers","parentId":null,"language":"default","oflow":false,"global":true,"respVP":true,"pos":"front","fullHeight":true},"layers":[]}},"id":"2","addOns":{"transitionpack":"revslider-transitionpack-addon\/public\/js\/transitionpack.js","tpackURL":".\/revslider-transitionpack-addon\/"}}
