{"settings":{"id":"home","migrated":"sr6","title":"003-bottomleft-title","alias":"003-bottomleft-title","type":"standard","fonts":{"Inter":{"name":"Inter","normal":{"800":true},"subset":{"latin":true}}},"prem":true,"vPort":["100px","100px","100px","100px","100px"],"size":{"fullWidth":false,"fullHeightOffset":",","contentFH":true,"width":[1080,1080,1024,778,480],"height":[1920,1920,1820,1383,853],"cachedHeight":[1920,1920,768,960,720],"minHeight":["1920px","1920px","1920px","1920px","1920px"],"maxHeight":["1920px","1920px","1920px","1920px","1920px"],"maxWidth":"1080px"},"codes":{"js":"\n\/\/ \u256d\u2500\u2500\u2500\u2500\u2500\u2500\u2500\u2500\u2500\u2500\u2500\u2500\u2500\u2500\u2500\u2500\u2500\u2500\u2500\u2500\u2500\u2500\u2500\u2500\u2500\u2500\u2500\u2500\u2500\u2500\u2500\u2500\u2500\u2500\u2500\u2500\u2500\u2500\u2500\u2500\u2500\u2500\u2500\u2500\u2500\u2500\u2500\u2500\u2500\u2500\u2500\u2500\u2500\u2500\u2500\u2500\u2500\u2500\u2500\u2500\u2500\u2500\u2500\u2500\u2500\u2500\u2500\u2500\u2500\u2500\u2500\u2500\u2500\u2500\u2500\u256e\n\/\/ \u2502          This will fetch the JSON will from one of two locations          \u2502\n\/\/ \u2570\u2500\u2500\u2500\u2500\u2500\u2500\u2500\u2500\u2500\u2500\u2500\u2500\u2500\u2500\u2500\u2500\u2500\u2500\u2500\u2500\u2500\u2500\u2500\u2500\u2500\u2500\u2500\u2500\u2500\u2500\u2500\u2500\u2500\u2500\u2500\u2500\u2500\u2500\u2500\u2500\u2500\u2500\u2500\u2500\u2500\u2500\u2500\u2500\u2500\u2500\u2500\u2500\u2500\u2500\u2500\u2500\u2500\u2500\u2500\u2500\u2500\u2500\u2500\u2500\u2500\u2500\u2500\u2500\u2500\u2500\u2500\u2500\u2500\u2500\u2500\u256f\nfunction fetchFile(url1, url2) {\n    return new Promise((resolve, reject) => {\n        \/\/ Attempt to fetch from the first URL\n        fetch(url1)\n            .then(response => {\n                if (response.ok) {\n                    resolve(response);\n                } else {\n                    \/\/ If fetch from the first URL fails, attempt the second URL\n                    fetch(url2)\n                        .then(response => {\n                            if (response.ok) {\n                                resolve(response);\n                            } else {\n                                reject(new Error('File not found in both locations'));\n                            }\n                        })\n                        .catch(error => reject(error));\n                }\n            })\n            .catch(() => {\n                \/\/ If fetch from the first URL fails, attempt the second URL\n                fetch(url2)\n                    .then(response => {\n                        if (response.ok) {\n                            resolve(response);\n                        } else {\n                            reject(new Error('File not found in both locations'));\n                        }\n                    })\n                    .catch(error => reject(error));\n            });\n    });\n}\n\n\n\n\/\/ \u256d\u2500\u2500\u2500\u2500\u2500\u2500\u2500\u2500\u2500\u2500\u2500\u2500\u2500\u2500\u2500\u2500\u2500\u2500\u2500\u2500\u2500\u2500\u2500\u2500\u2500\u2500\u2500\u2500\u2500\u2500\u2500\u2500\u2500\u2500\u2500\u2500\u2500\u2500\u2500\u2500\u2500\u2500\u2500\u2500\u2500\u2500\u2500\u2500\u2500\u2500\u2500\u2500\u2500\u2500\u2500\u2500\u2500\u2500\u2500\u2500\u2500\u2500\u2500\u2500\u2500\u2500\u2500\u2500\u2500\u2500\u2500\u2500\u2500\u2500\u2500\u256e\n\/\/ \u2502              Use JSON file and then substitute text in file                 \u2502\n\/\/ \u2570\u2500\u2500\u2500\u2500\u2500\u2500\u2500\u2500\u2500\u2500\u2500\u2500\u2500\u2500\u2500\u2500\u2500\u2500\u2500\u2500\u2500\u2500\u2500\u2500\u2500\u2500\u2500\u2500\u2500\u2500\u2500\u2500\u2500\u2500\u2500\u2500\u2500\u2500\u2500\u2500\u2500\u2500\u2500\u2500\u2500\u2500\u2500\u2500\u2500\u2500\u2500\u2500\u2500\u2500\u2500\u2500\u2500\u2500\u2500\u2500\u2500\u2500\u2500\u2500\u2500\u2500\u2500\u2500\u2500\u2500\u2500\u2500\u2500\u2500\u2500\u256f\n\n\/\/ Check both of the locations for file\nvar url1 = '.\/inputs.json';\nvar url2 = '.\/wp-content\/themes\/slider\/inputs.json';\n\nsetTimeout(() => {\nfetchFile(url1, url2)\n    .then(response => response.json())\n    .then(data => {\n        console.log(data);\n        \n        \/\/ \u256d\u2500\u2500\u2500\u2500\u2500\u2500\u2500\u2500\u2500\u2500\u2500\u2500\u2500\u2500\u2500\u2500\u2500\u2500\u2500\u2500\u2500\u2500\u2500\u2500\u2500\u2500\u2500\u2500\u2500\u2500\u2500\u2500\u2500\u2500\u2500\u2500\u2500\u2500\u2500\u2500\u2500\u2500\u2500\u2500\u2500\u2500\u2500\u2500\u2500\u2500\u2500\u2500\u2500\u2500\u2500\u256e\n        \/\/ \u2502       Override STYLE with !important CSS Rules        \u2502\n        \/\/ \u2570\u2500\u2500\u2500\u2500\u2500\u2500\u2500\u2500\u2500\u2500\u2500\u2500\u2500\u2500\u2500\u2500\u2500\u2500\u2500\u2500\u2500\u2500\u2500\u2500\u2500\u2500\u2500\u2500\u2500\u2500\u2500\u2500\u2500\u2500\u2500\u2500\u2500\u2500\u2500\u2500\u2500\u2500\u2500\u2500\u2500\u2500\u2500\u2500\u2500\u2500\u2500\u2500\u2500\u2500\u2500\u256f\n        let cssRules = '';\n        for (const key in data) {\n            if (data.hasOwnProperty(key)) {\n                if (typeof data[key] === 'object' && data[key].hasOwnProperty('style')) {\n                    const styleObj = data[key].style;\n                    cssRules += `${key} {`;\n                    for (const styleKey in styleObj) {\n                        if (styleObj.hasOwnProperty(styleKey)) {\n                            cssRules += `${styleKey}: ${styleObj[styleKey]} !important; `;\n                        }\n                    }\n                    cssRules += `}\\n`;\n                }\n            }\n        }\n\n        \/\/ Create <style> element and append to <head>\n        const styleElement = document.createElement('style');\n        styleElement.textContent = cssRules;\n        document.head.appendChild(styleElement);\n        \n\n        \/\/ \u256d\u2500\u2500\u2500\u2500\u2500\u2500\u2500\u2500\u2500\u2500\u2500\u2500\u2500\u2500\u2500\u2500\u2500\u2500\u2500\u2500\u2500\u2500\u2500\u2500\u2500\u2500\u2500\u2500\u2500\u2500\u2500\u2500\u2500\u2500\u2500\u2500\u2500\u2500\u2500\u2500\u2500\u2500\u2500\u2500\u2500\u2500\u2500\u2500\u2500\u2500\u2500\u2500\u2500\u2500\u2500\u256e\n        \/\/ \u2502                 Replace the InnerText                 \u2502\n        \/\/ \u2570\u2500\u2500\u2500\u2500\u2500\u2500\u2500\u2500\u2500\u2500\u2500\u2500\u2500\u2500\u2500\u2500\u2500\u2500\u2500\u2500\u2500\u2500\u2500\u2500\u2500\u2500\u2500\u2500\u2500\u2500\u2500\u2500\u2500\u2500\u2500\u2500\u2500\u2500\u2500\u2500\u2500\u2500\u2500\u2500\u2500\u2500\u2500\u2500\u2500\u2500\u2500\u2500\u2500\u2500\u2500\u256f\n        for (const key in data) {\n            if (data.hasOwnProperty(key)) {\n                const elementsByClass = document.querySelectorAll(`${key}`);\n                elementsByClass.forEach(element => {\n                    if (data[key].hasOwnProperty('innertext') && data[key].innertext !== \"\") {\n                        element.innerText = data[key].innertext;\n                        element.offsetHeight;\n                        element.style.display = 'none';\n                        element.offsetHeight; \/\/ Reflow again to ensure the display change takes effect\n                        element.style.display = ''; \/\/ Repaint\n                    }\n                });\n            }\n        }\n    })\n    .catch(error => console.error('Error fetching or parsing JSON:', error));\n}, 100);"},"carousel":{"type":"h","align":"center","maxV":3,"justify":false,"scale":false,"minS":50,"vScale":false,"oScale":false,"space":0,"rotation":false,"maxR":0,"varR":false,"opacity":true,"maxO":100,"varO":false,"spin":"off","spinA":0,"snap":true,"infinity":false,"skewX":0,"skewY":0,"ease":"power3.inOut","dur":800,"overshoot":false,"stretch":false,"showAllLayers":"false","jMWidth":false,"bR":0,"bRU":"px","pNV":"50px","pT":0,"pB":0},"shdw":0,"bg":{"color":{"type":"solid","orig":"rgba(242, 237, 226, 0)","string":"rgba(242, 237, 226, 0)"}},"mod":{"use":true},"nav":{"p":{"w":50,"h":100}},"sbt":{"use":true,"f":false,"fStart":2000,"fEnd":4000,"layers":false,"e":"none","s":0.5,"pull":false,"nL":true},"thumb":"assets\/csw-hero-thumb.jpg","aU":[],"imgs":[],"version":""},"slides":{"6":{"id":6,"slide":{"addOns":[],"id":6,"version":"6.7.13","title":"","parentId":null,"language":"default","order":1,"thumb":{"src":"assets\/csw-hero-thumb.jpg","srcId":"","admin":"assets\/csw-hero-thumb.jpg","adminId":"","dimension":"slider"},"description":"","attr":{"class":"","data":"","id":"","a":"","aO":"ml","t":"","tO":"","deepLink":"","attr":""},"publish":{"from":"","to":"","state":""},"slideshow":{"stop":false,"len":"default","hal":0,"hom":false,"hfn":false},"loop":{"u":false,"r":-1,"s":0,"e":99999}},"layers":{"1":{"rTo":"slide","fluid":{"tx":true,"tr":true},"id":1,"alias":"Bottom  animation bar","size":{"w":["85%","85%","70%","60%","90%"],"h":["150px","150px","110px","100px","60px"],"minW":["none","none","none","none","none"],"minH":["none","none","none","none","none"]},"pos":{"x":["auto","auto","auto","auto","auto"],"y":["auto","auto","auto","auto","auto"],"h":["right","right","right","right","right"],"v":["bottom","bottom","bottom","bottom","bottom"],"pos":"absolute","float":["none","none","none","none","none"],"clear":["none","none","none","none","none"]},"zIndex":8,"order":8,"display":["block","block","block","block","block"],"vA":"top","bg":{"color":{"type":"solid","orig":"#f2ede2","string":"rgba(242, 237, 226, 1)"}},"attr":{"aO":"ml","id":"Bar3ID","class":"Bar3Class AllClass BarClass","tO":"ml"},"tl":{"in":{"content":{"pers":"600px","orig":{"x":"50%","y":"50%","z":"0"},"all":[{"t":0,"d":0,"f":0,"e":"power2.inOut","pE":"d","x":[0,0,0,0,0],"y":[0,0,0,0,0],"o":"1","xRe":0,"yRe":0,"off":0},{"t":0,"d":500,"f":500,"e":"power2.inOut","pE":"d","x":[0,0,0,0,0],"y":[0,0,0,0,0],"o":1,"xRe":0,"yRe":0,"off":0},{"t":600,"d":1200,"f":1200,"e":"sine.inOut","pE":"d","x":["inherit","inherit","inherit","inherit","inherit"],"y":["inherit","inherit","inherit","inherit","inherit"],"o":1,"xRe":0,"yRe":0,"off":0}]},"clip":{"orig":"l","type":"r","all":[{"t":0,"d":0,"f":0,"e":"power2.inOut","c":"100%"},{"t":0,"d":"500","f":"500","e":"power2.inOut","c":"100%"},{"t":600,"d":"1200","f":"1200","e":"sine.inOut","c":"40%"}]}},"out":{"content":{"pers":"600px","orig":{"x":"50%","y":"50%","z":"0"},"all":[{"t":0,"d":300,"f":300,"e":"power3.inOut","pE":"n","x":["inherit","inherit","inherit","inherit","inherit"],"y":["inherit","inherit","inherit","inherit","inherit"],"o":0,"xRe":0,"yRe":0,"off":0}]},"clip":{"orig":"l","type":"r","all":[{"t":0,"d":300,"f":300,"e":"power3.inOut","c":"inherit"}]}}},"p":{"t":[0,0,0,0,0],"b":[0,0,0,0,0],"l":[0,0,0,0,0],"r":[0,0,0,0,0]},"m":{"t":[0,0,0,0,0],"b":[0,0,0,0,0],"l":[0,0,0,0,0],"r":[0,0,0,0,0]},"mod":{"s":{"ut":false,"so":0}},"type":"shape"},"3":{"rTo":"slide","fluid":{"tx":true,"tr":true,"sp":true},"id":3,"alias":"Top border","size":{"w":["100%","100%","100%","100%","100%"],"h":["100px","100px","80px","70px","90px"],"minW":["none","none","none","none","none"],"minH":["none","none","none","none","none"]},"pos":{"x":["auto","auto","auto","auto","auto"],"y":["auto","auto","auto","auto","auto"],"h":["center","center","center","center","center"],"pos":"absolute","float":["none","none","none","none","none"],"clear":["none","none","none","none","none"]},"display":["block","block","block","block","block"],"vA":"top","bg":{"color":{"type":"solid","orig":"#f2ede2","string":"rgba(242, 237, 226, 1)"}},"attr":{"aO":"ml","id":"TopBarID","class":"TopBarClass AllClass BarClass","tO":"ml"},"tl":{"in":{"content":{"pers":"600px","orig":{"x":"50%","y":"50%","z":"0"},"all":[{"t":0,"d":0,"f":0,"e":"sine.inOut","pE":"d","x":[0,0,0,0,0],"y":[0,0,0,0,0],"o":"1","xRe":0,"yRe":0,"off":0},{"t":600,"d":1400,"f":1400,"e":"sine.inOut","pE":"d","x":[0,0,0,0,0],"y":[0,0,0,0,0],"o":1,"xRe":0,"yRe":0,"off":0}]},"clip":{"orig":"r","type":"r","all":[{"t":0,"d":0,"f":0,"e":"sine.inOut","c":"0%"},{"t":600,"d":"1400","f":"1400","e":"sine.inOut","c":"100%"}]}},"out":{"content":{"pers":"600px","orig":{"x":"50%","y":"50%","z":"0"},"all":[{"t":0,"d":300,"f":300,"e":"power3.inOut","pE":"n","x":["inherit","inherit","inherit","inherit","inherit"],"y":["inherit","inherit","inherit","inherit","inherit"],"o":0,"xRe":0,"yRe":0,"off":0}]},"clip":{"orig":"r","type":"r","all":[{"t":0,"d":300,"f":300,"e":"power3.inOut","c":"inherit"}]}}},"p":{"t":[0,0,0,0,0],"b":[0,0,0,0,0],"l":[0,0,0,0,0],"r":[0,0,0,0,0]},"m":{"t":[0,0,0,0,0],"b":[0,0,0,0,0],"l":[0,0,0,0,0],"r":[0,0,0,0,0]},"mod":{"s":{"ut":false,"so":0}},"type":"shape"},"4":{"rTo":"slide","id":4,"alias":"Middle animation bar","size":{"w":["100%","100%","100%","90%","90%"],"h":["140px","140px","100px","90px","50px"],"minW":["none","none","none","none","none"],"minH":["none","none","none","none","none"]},"pos":{"x":["auto","auto","auto","auto","auto"],"y":["150px","150px","110px","100px","60px"],"h":["right","right","right","right","right"],"v":["bottom","bottom","bottom","bottom","bottom"],"pos":"absolute","float":["none","none","none","none","none"],"clear":["none","none","none","none","none"]},"zIndex":7,"order":7,"display":["block","block","block","block","block"],"vA":"top","bg":{"color":{"type":"solid","orig":"#f2ede2","string":"rgba(242, 237, 226, 1)"}},"attr":{"aO":"ml","id":"Bar2ID","class":"Bar2Class AllClass BarClass","tO":"ml"},"tl":{"in":{"content":{"pers":"600px","orig":{"x":"50%","y":"50%","z":"0"},"all":[{"t":0,"d":0,"f":0,"e":"power2.inOut","pE":"d","x":[0,0,0,0,0],"y":[0,0,0,0,0],"o":"1","xRe":0,"yRe":0,"off":0},{"t":0,"d":500,"f":500,"e":"power2.inOut","pE":"d","x":[0,0,0,0,0],"y":[0,0,0,0,0],"o":1,"xRe":0,"yRe":0,"off":0},{"t":550,"d":1200,"f":1200,"e":"sine.inOut","pE":"d","x":["inherit","inherit","inherit","inherit","inherit"],"y":["inherit","inherit","inherit","inherit","inherit"],"o":1,"xRe":0,"yRe":0,"off":0}]},"clip":{"orig":"l","type":"r","all":[{"t":0,"d":0,"f":0,"e":"power2.inOut","c":"100%"},{"t":0,"d":"500","f":"500","e":"power2.inOut","c":"100%"},{"t":550,"d":"1200","f":"1200","e":"sine.inOut","c":"40%"}]}},"out":{"content":{"pers":"600px","orig":{"x":"50%","y":"50%","z":"0"},"all":[{"t":0,"d":300,"f":300,"e":"power3.inOut","pE":"n","x":["inherit","inherit","inherit","inherit","inherit"],"y":["inherit","inherit","inherit","inherit","inherit"],"o":0,"xRe":0,"yRe":0,"off":0}]},"clip":{"orig":"l","type":"r","all":[{"t":0,"d":300,"f":300,"e":"power3.inOut","c":"inherit"}]}}},"vis":[true,true,true,true,false],"viSH":false,"viOC":false,"p":{"t":[0,0,0,0,0],"b":[0,0,0,0,0],"l":[0,0,0,0,0],"r":[0,0,0,0,0]},"m":{"t":[0,0,0,0,0],"b":[0,0,0,0,0],"l":[0,0,0,0,0],"r":[0,0,0,0,0]},"mod":{"s":{"ut":false,"so":0}},"type":"shape"},"5":{"rTo":"slide","fluid":{"tx":true,"tr":true},"id":5,"alias":"Headline line 2","content":{"text":"Your Ideal ","trans":"uppercase"},"size":{"w":["auto","auto","auto","auto","auto"],"h":["auto","auto","auto","auto","auto"],"minW":["none","none","none","none","none"],"minH":["none","none","none","none","none"]},"pos":{"x":["auto","auto","auto","auto","auto"],"y":["160px","160px","120px","90px","60px"],"v":["bottom","bottom","bottom","bottom","bottom"],"pos":"relative","float":["none","none","none","none","none"],"clear":["none","none","none","none","none"]},"pid":"14","zIndex":9,"order":2,"display":"inline-block","vA":"top","bg":{"color":{"type":"solid","orig":"#f2ede2","string":"rgba(242, 237, 226, 1)"}},"attr":{"aO":"ml","id":"Text2ID","class":"Text2Class AllClass TextClass","tO":"ml"},"tl":{"in":{"content":{"pers":"600px","orig":{"x":"50%","y":"50%","z":"0"},"all":[{"t":0,"d":0,"f":0,"e":"power2.inOut","pE":"d","x":["left","left","left","left","left"],"y":["0%","0%","0%","0%","0%"],"o":"1","xRe":4,"yRe":0,"off":1},{"t":340,"d":1500,"f":1500,"e":"power2.inOut","pE":"d","x":[0,0,0,0,0],"y":[0,0,0,0,0],"o":1,"xRe":0,"yRe":0,"off":1}]},"mask":{"all":[{"t":0,"d":0,"f":0,"e":"power2.inOut","x":[0,0,0,0,0],"y":[0,0,0,0,0],"oflow":"hidden","xRe":0,"yRe":0,"off":1},{"t":340,"d":1500,"f":1500,"e":"power2.inOut","x":[0,0,0,0,0],"y":[0,0,0,0,0],"oflow":"hidden","xRe":0,"yRe":0,"off":1}]},"clip":{"orig":"l","type":"r","all":[{"t":0,"d":0,"f":0,"e":"power2.inOut","c":"0%"},{"t":340,"d":"1500","f":"1500","e":"power2.inOut","c":100}]}},"out":{"content":{"pers":"600px","orig":{"x":"50%","y":"50%","z":"0"},"all":[{"t":0,"d":300,"f":300,"e":"power3.inOut","pE":"n","x":["inherit","inherit","inherit","inherit","inherit"],"y":["inherit","inherit","inherit","inherit","inherit"],"o":0,"xRe":0,"yRe":0,"off":1}]},"mask":{"all":[{"t":0,"d":300,"f":300,"e":"power3.inOut","oflow":"visible","xRe":0,"yRe":0,"off":1}]},"clip":{"orig":"l","type":"r","all":[{"t":0,"d":300,"f":300,"e":"power3.inOut","c":"inherit"}]}}},"p":{"t":[0,0,0,0,0],"b":[0,0,0,0,0],"l":[100,100,60,40,25],"r":[100,100,83,63,25]},"m":{"t":[0,0,0,0,0],"b":[0,0,0,0,-8],"l":[0,0,0,0,0],"r":[0,0,0,0,0]},"color":["#34120b","#34120b","#34120b","#34120b","#34120b"],"font":{"family":"Inter","size":["130px","130px","75px","65px","26px"],"weight":["800","800","800","800","800"],"ls":["-6px","-6px","-4px","-3px","-1px"]},"lh":["140px","140px","100px","90px","40px"],"mod":{"s":{"ut":false,"so":0}},"type":"text","toggle":{"text":""}},"6":{"rTo":"slide","fluid":{"tx":true,"tr":true},"id":6,"alias":"Headline line 1","content":{"text":"Discover","trans":"uppercase"},"size":{"w":["auto","auto","auto","auto","auto"],"h":["auto","auto","auto","auto","auto"],"minW":["none","none","none","none","none"],"minH":["none","none","none","none","none"]},"pos":{"x":["0","0","auto","auto","auto"],"y":["0","0","220px","170px","110px"],"pos":"relative","float":["none","none","none","none","none"],"clear":["none","none","none","none","none"]},"pid":"14","zIndex":11,"order":0,"display":"inline-block","vA":"top","bg":{"color":{"type":"solid","orig":"#f2ede2","string":"rgba(242, 237, 226, 1)"}},"attr":{"aO":"ml","id":"Text1ID","class":"Text1Class AllClass TextClass","tO":"ml"},"tl":{"in":{"content":{"pers":"600px","orig":{"x":"50%","y":"50%","z":"0"},"all":[{"t":0,"d":0,"f":0,"e":"power2.inOut","pE":"d","x":["left","left","left","left","left"],"y":["0%","0%","0%","0%","0%"],"o":1,"xRe":4,"yRe":0,"off":1},{"t":300,"d":1500,"f":1500,"e":"power2.inOut","pE":"d","x":[0,0,0,0,0],"y":[0,0,0,0,0],"o":1,"xRe":0,"yRe":0,"off":1}]},"mask":{"all":[{"t":0,"d":0,"f":0,"e":"power2.inOut","x":[0,0,0,0,0],"y":[0,0,0,0,0],"oflow":"hidden","xRe":0,"yRe":0,"off":1},{"t":300,"d":1500,"f":1500,"e":"power2.inOut","x":[0,0,0,0,0],"y":[0,0,0,0,0],"oflow":"hidden","xRe":0,"yRe":0,"off":1}]},"clip":{"orig":"l","type":"r","all":[{"t":0,"d":0,"f":0,"e":"power2.inOut","c":"0%"},{"t":300,"d":"1500","f":"1500","e":"power2.inOut","c":100}]}},"out":{"content":{"pers":"600px","orig":{"x":"50%","y":"50%","z":"0"},"all":[{"t":0,"d":300,"f":300,"e":"power3.inOut","pE":"n","x":["inherit","inherit","inherit","inherit","inherit"],"y":["inherit","inherit","inherit","inherit","inherit"],"o":0,"xRe":0,"yRe":0,"off":1}]},"mask":{"all":[{"t":0,"d":300,"f":300,"e":"power3.inOut","oflow":"visible","xRe":0,"yRe":0,"off":1}]},"clip":{"orig":"l","type":"r","all":[{"t":0,"d":300,"f":300,"e":"power3.inOut","c":"inherit"}]}}},"p":{"t":[10,10,8,6,5],"b":[0,0,0,0,0],"l":[100,100,60,40,25],"r":[90,90,74,56,20]},"m":{"t":[0,0,0,0,0],"b":[0,0,0,0,-1],"l":[0,0,0,0,0],"r":[0,0,0,0,0]},"color":["#34120b","#34120b","#34120b","#34120b","#34120b"],"font":{"family":"Inter","size":["130px","130px","75px","65px","26px"],"weight":["800","800","800","800","800"],"ls":["-6px","-6px","-4px","-3px","-1px"]},"lh":["140px","140px","100px","90px","40px"],"mod":{"s":{"ut":false,"so":0}},"type":"text","toggle":{"text":""}},"8":{"rTo":"slide","fluid":{"tx":true,"tr":true},"id":8,"alias":"Row-8","subtype":"row","size":{"w":["auto","auto","auto","auto","auto"],"h":["auto","auto","auto","auto","auto"],"minW":["none","none","none","none","none"],"minH":["none","none","none","none","none"]},"pos":{"x":["50px","50px","50px","50px","50px"],"y":["50px","50px","50px","50px","50px"],"pos":"relative","float":["none","none","none","none","none"],"clear":["none","none","none","none","none"]},"pid":20,"zIndex":6,"order":0,"display":["block","block","block","block","block"],"vA":"top","bg":{"color":{"orig":"transparent","type":"solid","string":"transparent"}},"attr":{"aO":"ml","tO":"ml"},"tl":{"in":{"content":{"pers":"600px","orig":{"x":"50%","y":"50%","z":"0"},"all":[{"t":0,"d":0,"f":0,"e":"power3.inOut","pE":"d","x":[0,0,0,0,0],"y":[0,0,0,0,0],"o":1,"xRe":2,"yRe":2,"off":0},{"t":0,"d":300,"f":300,"e":"power3.inOut","pE":"d","x":[0,0,0,0,0],"y":[0,0,0,0,0],"o":1,"xRe":2,"yRe":2,"off":0}]}},"out":{"content":{"pers":"600px","orig":{"x":"50%","y":"50%","z":"0"},"all":[{"t":0,"d":300,"f":300,"e":"power3.inOut","pE":"n","x":["inherit","inherit","inherit","inherit","inherit"],"y":["inherit","inherit","inherit","inherit","inherit"],"o":0,"xRe":2,"yRe":2,"off":0}]}}},"break":3,"p":{"t":[0,0,0,0,0],"b":[0,0,0,0,0],"l":[0,0,0,0,0],"r":[0,0,0,0,0]},"m":{"t":[0,0,0,0,0],"b":[0,0,0,0,0],"l":[0,0,0,0,0],"r":[0,0,0,0,0]},"lh":[25,25,25,25,25],"mod":{"s":{"ut":false,"so":0}},"type":"container","content":{"text":""},"toggle":{"text":""}},"12":{"rTo":"slide","id":12,"alias":"Top animation bar","size":{"w":["100%","100%","90%","90%","90%"],"h":["150px","150px","100px","90px","55px"],"minW":["none","none","none","none","none"],"minH":["none","none","none","none","none"]},"pos":{"x":["auto","auto","auto","auto","auto"],"y":["290px","290px","210px","190px","110px"],"h":["right","right","right","right","right"],"v":["bottom","bottom","bottom","bottom","bottom"],"pos":"absolute","float":["none","none","none","none","none"],"clear":["none","none","none","none","none"]},"zIndex":6,"order":6,"display":["block","block","block","block","block"],"vA":"top","bg":{"color":{"type":"solid","orig":"#f2ede2","string":"rgba(242, 237, 226, 1)"}},"attr":{"aO":"ml","id":"Bar1ID","class":"Bar1Class AllClass BarClass","tO":"ml"},"tl":{"in":{"content":{"pers":"600px","orig":{"x":"50%","y":"50%","z":"0"},"all":[{"t":0,"d":0,"f":0,"e":"power2.inOut","pE":"d","x":[0,0,0,0,0],"y":[0,0,0,0,0],"o":"1","xRe":0,"yRe":0,"off":0},{"t":0,"d":500,"f":500,"e":"power2.inOut","pE":"d","x":[0,0,0,0,0],"y":[0,0,0,0,0],"o":1,"xRe":0,"yRe":0,"off":0},{"t":500,"d":1200,"f":1200,"e":"sine.inOut","pE":"d","x":["inherit","inherit","inherit","inherit","inherit"],"y":["inherit","inherit","inherit","inherit","inherit"],"o":1,"xRe":0,"yRe":0,"off":0}]},"clip":{"orig":"l","type":"r","all":[{"t":0,"d":0,"f":0,"e":"power2.inOut","c":"100%"},{"t":0,"d":"500","f":"500","e":"power2.inOut","c":"100%"},{"t":500,"d":"1200","f":"1200","e":"sine.inOut","c":"35%"}]}},"out":{"content":{"pers":"600px","orig":{"x":"50%","y":"50%","z":"0"},"all":[{"t":0,"d":300,"f":300,"e":"power3.inOut","pE":"n","x":["inherit","inherit","inherit","inherit","inherit"],"y":["inherit","inherit","inherit","inherit","inherit"],"o":0,"xRe":0,"yRe":0,"off":0}]},"clip":{"orig":"l","type":"r","all":[{"t":0,"d":300,"f":300,"e":"power3.inOut","c":"inherit"}]}}},"vis":[true,true,true,true,false],"viSH":false,"viOC":false,"p":{"t":[0,0,0,0,0],"b":[0,0,0,0,0],"l":[0,0,0,0,0],"r":[0,0,0,0,0]},"m":{"t":[0,0,0,0,0],"b":[0,0,0,0,0],"l":[0,0,0,0,0],"r":[0,0,0,0,0]},"mod":{"s":{"ut":false,"so":0}},"type":"shape"},"13":{"rTo":"slide","fluid":{"tx":true,"tr":true},"id":13,"alias":"Headline line 3","content":{"text":"Company","trans":"uppercase"},"size":{"w":["auto","auto","auto","auto","auto"],"h":["auto","auto","auto","auto","auto"],"minW":["none","none","none","none","none"],"minH":["none","none","none","none","none"]},"pos":{"x":["-453","-453","-453","-453","-453"],"y":["19","19","15","11","6"],"pos":"relative","float":["none","none","none","none","none"],"clear":["none","none","none","none","none"]},"pid":"14","zIndex":7,"order":4,"display":"inline-block","vA":"top","bg":{"color":{"type":"solid","orig":"#f2ede2","string":"rgba(242, 237, 226, 1)"}},"attr":{"aO":"ml","id":"Text3ID","class":"Text3Class AllClass TextClass","tO":"ml"},"tl":{"in":{"content":{"pers":"600px","orig":{"x":"50%","y":"50%","z":"0"},"all":[{"t":0,"d":0,"f":0,"e":"power2.inOut","pE":"d","x":["left","left","left","left","left"],"y":["0%","0%","0%","0%","0%"],"o":"1","xRe":4,"yRe":0,"off":1},{"t":400,"d":1500,"f":1500,"e":"power2.inOut","pE":"d","x":[0,0,0,0,0],"y":["0%","0%","0%","0%","0%"],"o":1,"xRe":0,"yRe":0,"off":1}]},"mask":{"all":[{"t":0,"d":0,"f":0,"e":"power2.inOut","x":[0,0,0,0,0],"y":[0,0,0,0,0],"oflow":"hidden","xRe":0,"yRe":0,"off":1},{"t":400,"d":1500,"f":1500,"e":"power2.inOut","x":[0,0,0,0,0],"y":[0,0,0,0,0],"oflow":"hidden","xRe":0,"yRe":0,"off":1}]},"clip":{"orig":"l","type":"r","all":[{"t":0,"d":0,"f":0,"e":"power2.inOut","c":"0%"},{"t":400,"d":"1500","f":"1500","e":"power2.inOut","c":100}]}},"out":{"content":{"pers":"600px","orig":{"x":"50%","y":"50%","z":"0"},"all":[{"t":0,"d":300,"f":300,"e":"power3.inOut","pE":"n","x":["inherit","inherit","inherit","inherit","inherit"],"y":["inherit","inherit","inherit","inherit","inherit"],"o":0,"xRe":0,"yRe":0,"off":1}]},"mask":{"all":[{"t":0,"d":300,"f":300,"e":"power3.inOut","oflow":"visible","xRe":0,"yRe":0,"off":1}]},"clip":{"orig":"l","type":"r","all":[{"t":0,"d":300,"f":300,"e":"power3.inOut","c":"inherit"}]}}},"p":{"t":[0,0,0,0,0],"b":[10,10,10,10,0],"l":[100,100,60,40,25],"r":[60,60,40,40,25]},"m":{"t":[0,0,0,0,0],"b":[0,0,0,0,0],"l":[0,0,0,0,0],"r":[-10,-10,-10,-10,-10]},"color":["#34120b","#34120b","#34120b","#34120b","#34120b"],"font":{"family":"Inter","size":["130px","130px","75px","65px","26px"],"weight":["800","800","800","800","800"],"ls":["-6px","-6px","-4px","-3px","-1px"]},"lh":["140px","140px","100px","90px","60px"],"mod":{"s":{"ut":false,"so":0}},"type":"text","toggle":{"text":""}},"14":{"fluid":{"tx":true,"tr":true},"id":14,"alias":"Column-14","subtype":"column","size":{"w":["auto","auto","auto","auto","auto"],"h":["auto","auto","auto","auto","auto"],"minW":["none","none","none","none","none"],"minH":["none","none","none","none","none"],"col":"1\/1"},"pos":{"x":["50px","50px","50px","50px","50px"],"y":["50px","50px","50px","50px","50px"],"pos":"relative","float":["none","none","none","none","none"],"clear":["none","none","none","none","none"]},"pid":"8","zIndex":6,"order":0,"display":["block","block","block","block","block"],"vA":"middle","bg":{"color":{"orig":"transparent","type":"solid","string":"transparent"}},"attr":{"aO":"ml","tO":"ml"},"tl":{"in":{"content":{"pers":"600px","orig":{"x":"50%","y":"50%","z":"0"},"all":[{"t":0,"d":0,"f":0,"e":"power3.inOut","pE":"d","x":[0,0,0,0,0],"y":[0,0,0,0,0],"o":1,"xRe":1,"yRe":1,"off":0},{"t":0,"d":300,"f":300,"e":"power3.inOut","pE":"d","x":[0,0,0,0,0],"y":[0,0,0,0,0],"o":1,"xRe":1,"yRe":1,"off":0}]}},"out":{"content":{"pers":"600px","orig":{"x":"50%","y":"50%","z":"0"},"all":[{"t":0,"d":300,"f":300,"e":"power3.inOut","pE":"n","x":["inherit","inherit","inherit","inherit","inherit"],"y":["inherit","inherit","inherit","inherit","inherit"],"o":0,"xRe":1,"yRe":1,"off":0}]}}},"p":{"t":[0,0,0,0,0],"b":[0,0,0,0,0],"l":[0,0,0,0,0],"r":[0,0,0,0,0]},"m":{"t":[0,0,0,0,0],"b":[0,0,0,0,0],"l":[0,0,0,0,0],"r":[0,0,0,0,0]},"lh":[25,25,25,25,25],"mod":{"s":{"ut":false,"so":0}},"type":"container","content":{"text":""},"toggle":{"text":""}},"18":{"fluid":{"tx":true,"tr":true,"sp":true},"id":18,"alias":"Linebreak-18","size":{"w":["100%","100%","100%","100%","100%"],"h":["0px","0px","0px","0px","0px"],"minW":["none","none","none","none","none"],"minH":["none","none","none","none","none"]},"pos":{"x":["50px","50px","47px","35px","21px"],"y":["50px","50px","47px","35px","21px"],"pos":"relative","float":["none","none","none","none","none"],"clear":["both","both","both","both","both"]},"pid":"14","zIndex":10,"order":1,"display":["block","block","block","block","block"],"vA":"top","bg":{"color":{"orig":"transparent","type":"solid","string":"transparent"}},"attr":{"aO":"ml","tO":"ml"},"tl":{"in":{"content":{"pers":"600px","orig":{"x":"50%","y":"50%","z":"0"},"all":[{"t":0,"d":0,"f":0,"e":"power3.inOut","pE":"d","x":[0,0,0,0,0],"y":[0,0,0,0,0],"o":0,"xRe":0,"yRe":0,"off":1},{"t":0,"d":300,"f":300,"e":"power3.inOut","pE":"d","x":[0,0,0,0,0],"y":[0,0,0,0,0],"o":1,"xRe":0,"yRe":0,"off":1}]}},"out":{"content":{"pers":"600px","orig":{"x":"50%","y":"50%","z":"0"},"all":[{"t":0,"d":300,"f":300,"e":"power3.inOut","pE":"n","x":["inherit","inherit","inherit","inherit","inherit"],"y":["inherit","inherit","inherit","inherit","inherit"],"o":0,"xRe":0,"yRe":0,"off":1}]}}},"p":{"t":[0,0,0,0,0],"b":[0,0,0,0,0],"l":[0,0,0,0,0],"r":[0,0,0,0,0]},"m":{"t":[0,0,0,0,0],"b":[0,0,0,0,0],"l":[0,0,0,0,0],"r":[0,0,0,0,0]},"mod":{"s":{"ut":false,"so":0}},"type":"linebreak","content":{"text":""},"toggle":{"text":""}},"19":{"fluid":{"tx":true,"tr":true,"sp":true},"id":19,"alias":"Linebreak-19","size":{"w":["100%","100%","100%","100%","100%"],"h":["0px","0px","0px","0px","0px"],"minW":["none","none","none","none","none"],"minH":["none","none","none","none","none"]},"pos":{"x":["50px","50px","47px","35px","21px"],"y":["50px","50px","47px","35px","21px"],"pos":"relative","float":["none","none","none","none","none"],"clear":["both","both","both","both","both"]},"pid":"14","zIndex":8,"order":3,"display":["block","block","block","block","block"],"vA":"top","bg":{"color":{"orig":"transparent","type":"solid","string":"transparent"}},"attr":{"aO":"ml","tO":"ml"},"tl":{"in":{"content":{"pers":"600px","orig":{"x":"50%","y":"50%","z":"0"},"all":[{"t":0,"d":0,"f":0,"e":"power3.inOut","pE":"d","x":[0,0,0,0,0],"y":[0,0,0,0,0],"o":0,"xRe":0,"yRe":0,"off":1},{"t":0,"d":300,"f":300,"e":"power3.inOut","pE":"d","x":[0,0,0,0,0],"y":[0,0,0,0,0],"o":1,"xRe":0,"yRe":0,"off":1}]}},"out":{"content":{"pers":"600px","orig":{"x":"50%","y":"50%","z":"0"},"all":[{"t":0,"d":300,"f":300,"e":"power3.inOut","pE":"n","x":["inherit","inherit","inherit","inherit","inherit"],"y":["inherit","inherit","inherit","inherit","inherit"],"o":0,"xRe":0,"yRe":0,"off":1}]}}},"p":{"t":[0,0,0,0,0],"b":[0,0,0,0,0],"l":[0,0,0,0,0],"r":[0,0,0,0,0]},"m":{"t":[0,0,0,0,0],"b":[0,0,0,0,0],"l":[0,0,0,0,0],"r":[0,0,0,0,0]},"mod":{"s":{"ut":false,"so":0}},"type":"linebreak","content":{"text":""},"toggle":{"text":""}},"20":{"rTo":"slide","fluid":{"tx":true,"tr":true,"sp":true},"id":20,"alias":"BOTTOM ROWS","subtype":"zone","size":{"w":["auto","auto","auto","auto","auto"],"h":["auto","auto","auto","auto","auto"],"minW":["none","none","none","none","none"],"minH":["none","none","none","none","none"]},"pos":{"x":[0,0,0,0,0],"y":[0,0,0,0,0],"v":["bottom","bottom","bottom","bottom","bottom"],"pos":"absolute","float":["none","none","none","none","none"],"clear":["none","none","none","none","none"]},"zIndex":10,"order":0,"display":["block","block","block","block","block"],"vA":"top","bg":{"color":{"orig":"transparent","type":"solid","string":"transparent"}},"attr":{"aO":"ml","tO":"ml"},"p":{"t":[0,0,0,0,0],"b":[0,0,0,0,0],"l":[0,0,0,0,0],"r":[0,0,0,0,0]},"m":{"t":[0,0,0,0,0],"b":[0,0,0,0,0],"l":[0,0,0,0,0],"r":[0,0,0,0,0]},"lh":[25,25,25,25,25],"mod":{"s":{"ut":false,"so":0}},"type":"container","content":{"text":""},"toggle":{"text":""}},"21":{"rTo":"slide","id":21,"alias":"Slide BG Layer","subtype":"slidebg","size":{"cMode":"cover"},"pos":{"h":["center","center","center","center","center"],"v":["center","center","center","center","center"],"pos":"absolute"},"zIndex":0,"order":0,"display":["block","block","block","block","block"],"tl":{"in":{"bg":{"ms":1000,"rnd":false,"temp":{"t":"*opacity* Fade In","p":"fade","m":"basic","g":"fade"},"addOns":[],"in":{"o":0},"out":{"a":false}}}},"type":"shape"}}},"32":{"id":"32","slide":{"addOns":[],"id":32,"version":"6.7.13","title":"Global Layers","parentId":null,"language":"default","oflow":false,"global":true,"respVP":true,"pos":"front","fullHeight":true},"layers":[]}},"id":"5","addOns":[]}
