{"settings":{"migrated":"sr6","addOns":{"fluiddynamics":{"u":true},"mousetrap":{"u":true}},"title":"005-simple","alias":"005-simple","type":"standard","fonts":{"'Archivo+Black'":{"name":"'Archivo Black'","normal":{"400":true},"subset":{"latin":true}},"'DM+Serif+Display'":{"name":"'DM Serif Display'","normal":{"400":true},"subset":{"latin":true}}},"prem":true,"vPort":["100px","100px","100px","100px","100px"],"size":{"fullWidth":false,"fullHeightOffset":",","contentFH":true,"width":[1080,1080,1024,778,480],"height":[1920,1920,1820,1383,853],"cachedHeight":[1920,1920,768,960,720],"minHeight":["1920px","1920px","1920px","1920px","1920px"],"maxHeight":["1920px","1920px","1920px","1920px","1920px"],"maxWidth":"1080px"},"codes":{"js":"\n\/\/ \u256d\u2500\u2500\u2500\u2500\u2500\u2500\u2500\u2500\u2500\u2500\u2500\u2500\u2500\u2500\u2500\u2500\u2500\u2500\u2500\u2500\u2500\u2500\u2500\u2500\u2500\u2500\u2500\u2500\u2500\u2500\u2500\u2500\u2500\u2500\u2500\u2500\u2500\u2500\u2500\u2500\u2500\u2500\u2500\u2500\u2500\u2500\u2500\u2500\u2500\u2500\u2500\u2500\u2500\u2500\u2500\u2500\u2500\u2500\u2500\u2500\u2500\u2500\u2500\u2500\u2500\u2500\u2500\u2500\u2500\u2500\u2500\u2500\u2500\u2500\u2500\u256e\n\/\/ \u2502          This will fetch the JSON will from one of two locations          \u2502\n\/\/ \u2570\u2500\u2500\u2500\u2500\u2500\u2500\u2500\u2500\u2500\u2500\u2500\u2500\u2500\u2500\u2500\u2500\u2500\u2500\u2500\u2500\u2500\u2500\u2500\u2500\u2500\u2500\u2500\u2500\u2500\u2500\u2500\u2500\u2500\u2500\u2500\u2500\u2500\u2500\u2500\u2500\u2500\u2500\u2500\u2500\u2500\u2500\u2500\u2500\u2500\u2500\u2500\u2500\u2500\u2500\u2500\u2500\u2500\u2500\u2500\u2500\u2500\u2500\u2500\u2500\u2500\u2500\u2500\u2500\u2500\u2500\u2500\u2500\u2500\u2500\u2500\u256f\nfunction fetchFile(url1, url2) {\n    return new Promise((resolve, reject) => {\n        \/\/ Attempt to fetch from the first URL\n        fetch(url1)\n            .then(response => {\n                if (response.ok) {\n                    resolve(response);\n                } else {\n                    \/\/ If fetch from the first URL fails, attempt the second URL\n                    fetch(url2)\n                        .then(response => {\n                            if (response.ok) {\n                                resolve(response);\n                            } else {\n                                reject(new Error('File not found in both locations'));\n                            }\n                        })\n                        .catch(error => reject(error));\n                }\n            })\n            .catch(() => {\n                \/\/ If fetch from the first URL fails, attempt the second URL\n                fetch(url2)\n                    .then(response => {\n                        if (response.ok) {\n                            resolve(response);\n                        } else {\n                            reject(new Error('File not found in both locations'));\n                        }\n                    })\n                    .catch(error => reject(error));\n            });\n    });\n}\n\n\n\n\/\/ \u256d\u2500\u2500\u2500\u2500\u2500\u2500\u2500\u2500\u2500\u2500\u2500\u2500\u2500\u2500\u2500\u2500\u2500\u2500\u2500\u2500\u2500\u2500\u2500\u2500\u2500\u2500\u2500\u2500\u2500\u2500\u2500\u2500\u2500\u2500\u2500\u2500\u2500\u2500\u2500\u2500\u2500\u2500\u2500\u2500\u2500\u2500\u2500\u2500\u2500\u2500\u2500\u2500\u2500\u2500\u2500\u2500\u2500\u2500\u2500\u2500\u2500\u2500\u2500\u2500\u2500\u2500\u2500\u2500\u2500\u2500\u2500\u2500\u2500\u2500\u2500\u256e\n\/\/ \u2502              Use JSON file and then substitute text in file                 \u2502\n\/\/ \u2570\u2500\u2500\u2500\u2500\u2500\u2500\u2500\u2500\u2500\u2500\u2500\u2500\u2500\u2500\u2500\u2500\u2500\u2500\u2500\u2500\u2500\u2500\u2500\u2500\u2500\u2500\u2500\u2500\u2500\u2500\u2500\u2500\u2500\u2500\u2500\u2500\u2500\u2500\u2500\u2500\u2500\u2500\u2500\u2500\u2500\u2500\u2500\u2500\u2500\u2500\u2500\u2500\u2500\u2500\u2500\u2500\u2500\u2500\u2500\u2500\u2500\u2500\u2500\u2500\u2500\u2500\u2500\u2500\u2500\u2500\u2500\u2500\u2500\u2500\u2500\u256f\n\n\/\/ Check both of the locations for file\nvar url1 = '.\/inputs.json';\nvar url2 = '.\/wp-content\/themes\/slider\/inputs.json';\n\nsetTimeout(() => {\nfetchFile(url1, url2)\n    .then(response => response.json())\n    .then(data => {\n        console.log(data);\n        \n        \/\/ \u256d\u2500\u2500\u2500\u2500\u2500\u2500\u2500\u2500\u2500\u2500\u2500\u2500\u2500\u2500\u2500\u2500\u2500\u2500\u2500\u2500\u2500\u2500\u2500\u2500\u2500\u2500\u2500\u2500\u2500\u2500\u2500\u2500\u2500\u2500\u2500\u2500\u2500\u2500\u2500\u2500\u2500\u2500\u2500\u2500\u2500\u2500\u2500\u2500\u2500\u2500\u2500\u2500\u2500\u2500\u2500\u256e\n        \/\/ \u2502       Override STYLE with !important CSS Rules        \u2502\n        \/\/ \u2570\u2500\u2500\u2500\u2500\u2500\u2500\u2500\u2500\u2500\u2500\u2500\u2500\u2500\u2500\u2500\u2500\u2500\u2500\u2500\u2500\u2500\u2500\u2500\u2500\u2500\u2500\u2500\u2500\u2500\u2500\u2500\u2500\u2500\u2500\u2500\u2500\u2500\u2500\u2500\u2500\u2500\u2500\u2500\u2500\u2500\u2500\u2500\u2500\u2500\u2500\u2500\u2500\u2500\u2500\u2500\u256f\n        let cssRules = '';\n        for (const key in data) {\n            if (data.hasOwnProperty(key)) {\n                if (typeof data[key] === 'object' && data[key].hasOwnProperty('style')) {\n                    const styleObj = data[key].style;\n                    cssRules += `${key} {`;\n                    for (const styleKey in styleObj) {\n                        if (styleObj.hasOwnProperty(styleKey)) {\n                            cssRules += `${styleKey}: ${styleObj[styleKey]} !important; `;\n                        }\n                    }\n                    cssRules += `}\\n`;\n                }\n            }\n        }\n\n        \/\/ Create <style> element and append to <head>\n        const styleElement = document.createElement('style');\n        styleElement.textContent = cssRules;\n        document.head.appendChild(styleElement);\n        \n\n        \/\/ \u256d\u2500\u2500\u2500\u2500\u2500\u2500\u2500\u2500\u2500\u2500\u2500\u2500\u2500\u2500\u2500\u2500\u2500\u2500\u2500\u2500\u2500\u2500\u2500\u2500\u2500\u2500\u2500\u2500\u2500\u2500\u2500\u2500\u2500\u2500\u2500\u2500\u2500\u2500\u2500\u2500\u2500\u2500\u2500\u2500\u2500\u2500\u2500\u2500\u2500\u2500\u2500\u2500\u2500\u2500\u2500\u256e\n        \/\/ \u2502                 Replace the InnerText                 \u2502\n        \/\/ \u2570\u2500\u2500\u2500\u2500\u2500\u2500\u2500\u2500\u2500\u2500\u2500\u2500\u2500\u2500\u2500\u2500\u2500\u2500\u2500\u2500\u2500\u2500\u2500\u2500\u2500\u2500\u2500\u2500\u2500\u2500\u2500\u2500\u2500\u2500\u2500\u2500\u2500\u2500\u2500\u2500\u2500\u2500\u2500\u2500\u2500\u2500\u2500\u2500\u2500\u2500\u2500\u2500\u2500\u2500\u2500\u256f\n        for (const key in data) {\n            if (data.hasOwnProperty(key)) {\n                const elementsByClass = document.querySelectorAll(`${key}`);\n                elementsByClass.forEach(element => {\n                    if (data[key].hasOwnProperty('innertext') && data[key].innertext !== \"\") {\n                        element.innerText = data[key].innertext;\n                        element.offsetHeight;\n                        element.style.display = 'none';\n                        element.offsetHeight; \/\/ Reflow again to ensure the display change takes effect\n                        element.style.display = ''; \/\/ Repaint\n                    }\n                });\n            }\n        }\n    })\n    .catch(error => console.error('Error fetching or parsing JSON:', error));\n}, 100);"},"carousel":{"type":"h","align":"center","maxV":3,"justify":false,"scale":false,"minS":50,"vScale":false,"oScale":false,"space":0,"rotation":false,"maxR":0,"varR":false,"opacity":true,"maxO":100,"varO":false,"spin":"off","spinA":0,"snap":true,"infinity":false,"skewX":0,"skewY":0,"ease":"power3.inOut","dur":800,"overshoot":false,"stretch":false,"showAllLayers":"false","jMWidth":false,"bR":0,"bRU":"px","pNV":"50px","pT":0,"pB":0},"shdw":0,"bg":{"color":{"orig":"transparent","type":"solid","string":"transparent"}},"nav":{"p":{"w":50,"h":100}},"thumb":"assets\/herothumb.jpg","aU":["fluiddynamics","mousetrap"],"imgs":[],"version":""},"slides":{"13":{"id":13,"slide":{"addOns":[],"id":"13","version":"6.7.13","title":"","parentId":null,"language":"default","order":1,"thumb":{"src":"assets\/herothumb.jpg","srcId":"","admin":"assets\/herothumb.jpg","adminId":"","dimension":"slider"},"description":"","attr":{"class":"","data":"","id":"","a":"","aO":"ml","t":"","tO":"","deepLink":"","attr":""},"publish":{"from":"","to":"","state":""},"slideshow":{"stop":false,"len":"default","hal":0,"hom":false,"hfn":false},"loop":{"u":false,"r":-1,"s":0,"e":99999}},"layers":{"0":{"rTo":"slide","fluid":{"tx":true,"tr":true,"sp":true},"id":0,"alias":"Logo","content":{"text":"Innovatique","trans":"uppercase"},"size":{"w":["#a","auto","auto","auto","auto"],"h":["auto","auto","auto","auto","auto"],"minW":["none","none","none","none","none"],"minH":["none","none","none","none","none"]},"pos":{"x":["auto","auto","auto","auto","auto"],"y":["30px","30px","30px","22px","20px"],"h":["center","center","center","center","center"],"pos":"absolute","float":["none","none","none","none","none"],"clear":["none","none","none","none","none"]},"zIndex":8,"order":8,"display":"inline-block","vA":"top","cursor":"pointer","bg":{"color":{"orig":"transparent","type":"solid","string":"transparent"}},"attr":{"aO":"ml","id":"TitleID","class":"TitleClass AllClass","tO":"ml"},"tl":{"in":{"content":{"pers":"600px","orig":{"x":"50%","y":"50%","z":"0"},"all":[{"t":0,"d":0,"f":0,"e":"sine.inOut","pE":"d","x":[0,0,0,0,0],"y":["-250px","-250px","-237px","-180px","-111px"],"o":"1","xRe":0,"yRe":0,"off":0},{"t":0,"d":1500,"f":1500,"e":"sine.inOut","pE":"d","x":[0,0,0,0,0],"y":[0,0,0,0,0],"o":1,"xRe":0,"yRe":0,"off":0}]}},"out":{"content":{"pers":"600px","orig":{"x":"50%","y":"50%","z":"0"},"all":[{"t":0,"d":300,"f":300,"e":"power3.inOut","pE":"n","x":["inherit","inherit","inherit","inherit","inherit"],"y":["inherit","inherit","inherit","inherit","inherit"],"o":0,"xRe":0,"yRe":0,"off":0}]}}},"vis":[true,true,true,true,false],"viSH":false,"viOC":false,"p":{"t":[0,0,0,0,0],"b":[0,0,0,0,0],"l":[0,0,0,0,0],"r":[0,0,0,0,0]},"m":{"t":[0,0,0,0,0],"b":[0,0,0,0,0],"l":[0,0,0,0,0],"r":[0,0,0,0,0]},"color":["#c7c7cc","#c7c7cc","#c7c7cc","#c7c7cc","#c7c7cc"],"font":{"family":"'Archivo Black'","size":["30px","30px","30px","22px","18px"],"weight":[400,400,400,400,400],"ls":["-2px","-2px","-1px","0px","0px"]},"lh":["50px","50px","50px","37px","30px"],"type":"text","toggle":{"text":""}},"3":{"fluid":{"tx":true,"tr":true,"sp":true},"id":3,"alias":"Middle text","content":{"text":"Dynamic creative studio, merging  the realms of design with technological innovation.","trans":"uppercase"},"size":{"w":["#a","auto","auto","auto","auto"],"h":["auto","auto","auto","auto","auto"],"minW":["none","none","none","none","none"],"minH":["none","none","none","none","none"]},"pos":{"x":["0","0","0","0","0"],"y":["0","0","0","0","0"],"pos":"relative","float":["none","none","left","none","none"],"clear":["none","none","none","none","none"]},"pid":"16","zIndex":6,"order":0,"display":"inline-block","vA":"top","bg":{"color":{"orig":"transparent","type":"solid","string":"transparent"}},"attr":{"aO":"ml","id":"ContentID","class":"ContentClass AllClass","tO":"ml"},"tl":{"in":{"content":{"pers":"600px","orig":{"x":"50%","y":"50%","z":"0"},"all":[{"t":0,"d":0,"f":0,"e":"sine.inOut","pE":"d","x":[0,0,0,0,0],"y":["100%","100%","100%","100%","100%"],"o":"1","xRe":0,"yRe":0,"off":1},{"t":600,"d":1200,"f":1200,"e":"sine.inOut","pE":"d","x":[0,0,0,0,0],"y":[0,0,0,0,0],"o":1,"xRe":0,"yRe":0,"off":1}]},"mask":{"all":[{"t":0,"d":0,"f":0,"e":"sine.inOut","x":[0,0,0,0,0],"y":[0,0,0,0,0],"oflow":"hidden","xRe":0,"yRe":0,"off":1},{"t":600,"d":1200,"f":1200,"e":"sine.inOut","x":[0,0,0,0,0],"y":[0,0,0,0,0],"oflow":"hidden","xRe":0,"yRe":0,"off":1}]}},"out":{"content":{"pers":"600px","orig":{"x":"50%","y":"50%","z":"0"},"all":[{"t":0,"d":300,"f":300,"e":"power3.inOut","pE":"n","x":["inherit","inherit","inherit","inherit","inherit"],"y":["inherit","inherit","inherit","inherit","inherit"],"o":0,"xRe":0,"yRe":0,"off":1}]},"mask":{"all":[{"t":0,"d":300,"f":300,"e":"power3.inOut","oflow":"visible","xRe":0,"yRe":0,"off":1}]}}},"p":{"t":[0,0,0,0,0],"b":[0,0,0,0,0],"l":[0,0,0,0,0],"r":[0,0,0,0,0]},"m":{"t":[0,0,0,0,0],"b":[0,0,0,0,0],"l":[0,0,0,0,0],"r":[0,0,0,0,0]},"tA":["center","center","center","center","center"],"color":["#c7c7cc","#c7c7cc","#c7c7cc","#c7c7cc","#c7c7cc"],"font":{"family":"'DM Serif Display'","size":["80px","80px","60px","55px","33px"],"weight":[400,400,400,400,400],"ls":["-4px","-4px","-3px","-2px","-1px"]},"lh":["80px","80px","60px","50px","30px"],"type":"text","toggle":{"text":""}},"7":{"fluid":{"tx":true,"tr":true},"id":7,"alias":"Copy row-4","subtype":"row","size":{"w":["auto","auto","auto","auto","auto"],"h":["auto","auto","auto","auto","auto"],"minW":["none","none","none","none","none"],"minH":["none","none","none","none","none"]},"pos":{"x":["50px","50px","50px","50px","50px"],"y":["50px","50px","50px","50px","50px"],"pos":"relative","float":["none","none","none","none","none"],"clear":["none","none","none","none","none"]},"pid":17,"zIndex":6,"order":0,"display":["block","block","block","block","block"],"vA":"top","bg":{"color":{"orig":"transparent","type":"solid","string":"transparent"}},"attr":{"aO":"ml","tO":"ml"},"tl":{"in":{"content":{"pers":"600px","orig":{"x":"50%","y":"50%","z":"0"},"all":[{"t":0,"d":0,"f":0,"e":"sine.inOut","pE":"d","x":[0,0,0,0,0],"y":["bottom","bottom","bottom","bottom","bottom"],"o":"1","xRe":2,"yRe":2,"off":0},{"t":0,"d":1500,"f":1500,"e":"sine.inOut","pE":"d","x":[0,0,0,0,0],"y":[0,0,0,0,0],"o":1,"xRe":2,"yRe":2,"off":0}]}},"out":{"content":{"pers":"600px","orig":{"x":"50%","y":"50%","z":"0"},"all":[{"t":0,"d":300,"f":300,"e":"power3.inOut","pE":"n","x":["inherit","inherit","inherit","inherit","inherit"],"y":["inherit","inherit","inherit","inherit","inherit"],"o":0,"xRe":2,"yRe":2,"off":0}]}}},"break":5,"p":{"t":[0,0,0,0,0],"b":[0,0,0,0,0],"l":[0,0,0,0,0],"r":[0,0,0,0,0]},"m":{"t":[0,0,0,0,30],"b":[0,0,0,0,0],"l":[50,50,50,50,30],"r":[50,50,50,50,30]},"lh":[25,25,25,25,25],"type":"container","content":{"text":""},"toggle":{"text":""}},"16":{"fluid":{"tx":true,"tr":true},"id":16,"alias":"Copy column-5","subtype":"column","size":{"w":["auto","auto","auto","auto","auto"],"h":["auto","auto","auto","auto","auto"],"minW":["none","none","none","none","none"],"minH":["none","none","none","none","none"],"col":"1\/1"},"pos":{"x":["50px","50px","50px","50px","50px"],"y":["50px","50px","50px","50px","50px"],"pos":"relative","float":["none","none","none","none","none"],"clear":["none","none","none","none","none"]},"pid":"7","zIndex":6,"order":0,"display":["block","block","block","block","block"],"vA":"top","bg":{"color":{"orig":"transparent","type":"solid","string":"transparent"}},"attr":{"aO":"ml","tO":"ml"},"tl":{"in":{"content":{"pers":"600px","orig":{"x":"50%","y":"50%","z":"0"},"all":[{"t":0,"d":0,"f":0,"e":"power3.inOut","pE":"d","x":[0,0,0,0,0],"y":[0,0,0,0,0],"o":1,"xRe":1,"yRe":1,"off":0},{"t":0,"d":300,"f":300,"e":"power3.inOut","pE":"d","x":[0,0,0,0,0],"y":[0,0,0,0,0],"o":1,"xRe":1,"yRe":1,"off":0}]}},"out":{"content":{"pers":"600px","orig":{"x":"50%","y":"50%","z":"0"},"all":[{"t":0,"d":300,"f":300,"e":"power3.inOut","pE":"n","x":["inherit","inherit","inherit","inherit","inherit"],"y":["inherit","inherit","inherit","inherit","inherit"],"o":0,"xRe":1,"yRe":1,"off":0}]}}},"p":{"t":[0,0,0,0,0],"b":[0,0,0,0,0],"l":[0,0,0,0,0],"r":[0,0,0,0,0]},"m":{"t":[0,0,0,0,0],"b":[0,0,0,0,0],"l":[0,0,0,0,0],"r":[0,0,0,0,0]},"tA":["center","center","left","left","center"],"lh":[25,25,25,25,25],"type":"container","content":{"text":""},"toggle":{"text":""}},"17":{"rTo":"slide","fluid":{"tx":true,"tr":true,"sp":true},"id":17,"alias":"MID ROWS","subtype":"zone","size":{"w":["auto","auto","auto","auto","auto"],"h":["auto","auto","auto","auto","auto"],"minW":["none","none","none","none","none"],"minH":["none","none","none","none","none"]},"pos":{"x":[0,0,0,0,0],"y":[0,0,0,0,0],"v":["mid","mid","mid","mid","mid"],"pos":"absolute","float":["none","none","none","none","none"],"clear":["none","none","none","none","none"]},"zIndex":7,"order":0,"display":["block","block","block","block","block"],"vA":"top","bg":{"color":{"orig":"transparent","type":"solid","string":"transparent"}},"attr":{"aO":"ml","tO":"ml"},"p":{"t":[0,0,0,0,0],"b":[0,0,0,0,0],"l":[0,0,0,0,0],"r":[0,0,0,0,0]},"m":{"t":[0,0,0,0,0],"b":[0,0,0,0,0],"l":[0,0,0,0,0],"r":[0,0,0,0,0]},"lh":[25,25,25,25,25],"type":"container","content":{"text":""},"toggle":{"text":""}},"18":{"rTo":"slide","id":18,"alias":"Slide BG Layer","subtype":"slidebg","size":{"cMode":"cover"},"pos":{"h":["center","center","center","center","center"],"v":["center","center","center","center","center"],"pos":"absolute"},"zIndex":0,"order":0,"display":["block","block","block","block","block"],"tl":{"in":{"bg":{"ms":1000,"rnd":false,"temp":{"t":"*east**west*","p":"custom","m":"columns","g":"curtain"},"addOns":[],"f":"edges","in":{"o":1,"y":"(-100%)","col":"4"},"out":{"a":false}}}},"type":"shape"}}},"9":{"id":"9","slide":{"addOns":[],"id":"9","version":"6.7.13","title":"Global Layers","parentId":null,"language":"default","oflow":false,"global":true,"respVP":true,"pos":"front","fullHeight":true},"layers":[]}},"id":"12","addOns":{"fluiddynamics":"revslider-fluiddynamics-addon\/public\/js\/fluiddynamics.js","mousetrap":"revslider-mousetrap-addon\/public\/js\/mousetrap.js"}}
