{"settings":{"id":"home","migrated":"sr6","addOns":{"particlewave":{"u":true},"transitionpack":{"u":true}},"title":"004-wavegrid2","alias":"004-wavegrid2","type":"standard","fonts":{"Poppins":{"name":"Poppins","normal":{"800":true},"subset":{"latin":true}}},"prem":true,"vPort":["100px","100px","100px","100px","100px"],"size":{"fullWidth":false,"fullHeightOffset":",","contentFH":true,"width":[1080,1080,1024,778,480],"height":[1920,1920,1820,1383,853],"cachedHeight":[1920,1920,768,960,720],"minHeight":["1920px","1920px","1920px","1920px","1920px"],"maxHeight":["1920px","1920px","1920px","1920px","1920px"],"maxWidth":"1080px"},"codes":{"js":"\n\/\/ \u256d\u2500\u2500\u2500\u2500\u2500\u2500\u2500\u2500\u2500\u2500\u2500\u2500\u2500\u2500\u2500\u2500\u2500\u2500\u2500\u2500\u2500\u2500\u2500\u2500\u2500\u2500\u2500\u2500\u2500\u2500\u2500\u2500\u2500\u2500\u2500\u2500\u2500\u2500\u2500\u2500\u2500\u2500\u2500\u2500\u2500\u2500\u2500\u2500\u2500\u2500\u2500\u2500\u2500\u2500\u2500\u2500\u2500\u2500\u2500\u2500\u2500\u2500\u2500\u2500\u2500\u2500\u2500\u2500\u2500\u2500\u2500\u2500\u2500\u2500\u2500\u256e\n\/\/ \u2502          This will fetch the JSON will from one of two locations          \u2502\n\/\/ \u2570\u2500\u2500\u2500\u2500\u2500\u2500\u2500\u2500\u2500\u2500\u2500\u2500\u2500\u2500\u2500\u2500\u2500\u2500\u2500\u2500\u2500\u2500\u2500\u2500\u2500\u2500\u2500\u2500\u2500\u2500\u2500\u2500\u2500\u2500\u2500\u2500\u2500\u2500\u2500\u2500\u2500\u2500\u2500\u2500\u2500\u2500\u2500\u2500\u2500\u2500\u2500\u2500\u2500\u2500\u2500\u2500\u2500\u2500\u2500\u2500\u2500\u2500\u2500\u2500\u2500\u2500\u2500\u2500\u2500\u2500\u2500\u2500\u2500\u2500\u2500\u256f\nfunction fetchFile(url1, url2) {\n    return new Promise((resolve, reject) => {\n        \/\/ Attempt to fetch from the first URL\n        fetch(url1)\n            .then(response => {\n                if (response.ok) {\n                    resolve(response);\n                } else {\n                    \/\/ If fetch from the first URL fails, attempt the second URL\n                    fetch(url2)\n                        .then(response => {\n                            if (response.ok) {\n                                resolve(response);\n                            } else {\n                                reject(new Error('File not found in both locations'));\n                            }\n                        })\n                        .catch(error => reject(error));\n                }\n            })\n            .catch(() => {\n                \/\/ If fetch from the first URL fails, attempt the second URL\n                fetch(url2)\n                    .then(response => {\n                        if (response.ok) {\n                            resolve(response);\n                        } else {\n                            reject(new Error('File not found in both locations'));\n                        }\n                    })\n                    .catch(error => reject(error));\n            });\n    });\n}\n\n\n\n\/\/ \u256d\u2500\u2500\u2500\u2500\u2500\u2500\u2500\u2500\u2500\u2500\u2500\u2500\u2500\u2500\u2500\u2500\u2500\u2500\u2500\u2500\u2500\u2500\u2500\u2500\u2500\u2500\u2500\u2500\u2500\u2500\u2500\u2500\u2500\u2500\u2500\u2500\u2500\u2500\u2500\u2500\u2500\u2500\u2500\u2500\u2500\u2500\u2500\u2500\u2500\u2500\u2500\u2500\u2500\u2500\u2500\u2500\u2500\u2500\u2500\u2500\u2500\u2500\u2500\u2500\u2500\u2500\u2500\u2500\u2500\u2500\u2500\u2500\u2500\u2500\u2500\u256e\n\/\/ \u2502              Use JSON file and then substitute text in file                 \u2502\n\/\/ \u2570\u2500\u2500\u2500\u2500\u2500\u2500\u2500\u2500\u2500\u2500\u2500\u2500\u2500\u2500\u2500\u2500\u2500\u2500\u2500\u2500\u2500\u2500\u2500\u2500\u2500\u2500\u2500\u2500\u2500\u2500\u2500\u2500\u2500\u2500\u2500\u2500\u2500\u2500\u2500\u2500\u2500\u2500\u2500\u2500\u2500\u2500\u2500\u2500\u2500\u2500\u2500\u2500\u2500\u2500\u2500\u2500\u2500\u2500\u2500\u2500\u2500\u2500\u2500\u2500\u2500\u2500\u2500\u2500\u2500\u2500\u2500\u2500\u2500\u2500\u2500\u256f\n\n\/\/ Check both of the locations for file\nvar url1 = '.\/inputs.json';\nvar url2 = '.\/wp-content\/themes\/slider\/inputs.json';\n\nsetTimeout(() => {\nfetchFile(url1, url2)\n    .then(response => response.json())\n    .then(data => {\n        console.log(data);\n        \n        \/\/ \u256d\u2500\u2500\u2500\u2500\u2500\u2500\u2500\u2500\u2500\u2500\u2500\u2500\u2500\u2500\u2500\u2500\u2500\u2500\u2500\u2500\u2500\u2500\u2500\u2500\u2500\u2500\u2500\u2500\u2500\u2500\u2500\u2500\u2500\u2500\u2500\u2500\u2500\u2500\u2500\u2500\u2500\u2500\u2500\u2500\u2500\u2500\u2500\u2500\u2500\u2500\u2500\u2500\u2500\u2500\u2500\u256e\n        \/\/ \u2502       Override STYLE with !important CSS Rules        \u2502\n        \/\/ \u2570\u2500\u2500\u2500\u2500\u2500\u2500\u2500\u2500\u2500\u2500\u2500\u2500\u2500\u2500\u2500\u2500\u2500\u2500\u2500\u2500\u2500\u2500\u2500\u2500\u2500\u2500\u2500\u2500\u2500\u2500\u2500\u2500\u2500\u2500\u2500\u2500\u2500\u2500\u2500\u2500\u2500\u2500\u2500\u2500\u2500\u2500\u2500\u2500\u2500\u2500\u2500\u2500\u2500\u2500\u2500\u256f\n        let cssRules = '';\n        for (const key in data) {\n            if (data.hasOwnProperty(key)) {\n                if (typeof data[key] === 'object' && data[key].hasOwnProperty('style')) {\n                    const styleObj = data[key].style;\n                    cssRules += `${key} {`;\n                    for (const styleKey in styleObj) {\n                        if (styleObj.hasOwnProperty(styleKey)) {\n                            cssRules += `${styleKey}: ${styleObj[styleKey]} !important; `;\n                        }\n                    }\n                    cssRules += `}\\n`;\n                }\n            }\n        }\n\n        \/\/ Create <style> element and append to <head>\n        const styleElement = document.createElement('style');\n        styleElement.textContent = cssRules;\n        document.head.appendChild(styleElement);\n        \n\n        \/\/ \u256d\u2500\u2500\u2500\u2500\u2500\u2500\u2500\u2500\u2500\u2500\u2500\u2500\u2500\u2500\u2500\u2500\u2500\u2500\u2500\u2500\u2500\u2500\u2500\u2500\u2500\u2500\u2500\u2500\u2500\u2500\u2500\u2500\u2500\u2500\u2500\u2500\u2500\u2500\u2500\u2500\u2500\u2500\u2500\u2500\u2500\u2500\u2500\u2500\u2500\u2500\u2500\u2500\u2500\u2500\u2500\u256e\n        \/\/ \u2502                 Replace the InnerText                 \u2502\n        \/\/ \u2570\u2500\u2500\u2500\u2500\u2500\u2500\u2500\u2500\u2500\u2500\u2500\u2500\u2500\u2500\u2500\u2500\u2500\u2500\u2500\u2500\u2500\u2500\u2500\u2500\u2500\u2500\u2500\u2500\u2500\u2500\u2500\u2500\u2500\u2500\u2500\u2500\u2500\u2500\u2500\u2500\u2500\u2500\u2500\u2500\u2500\u2500\u2500\u2500\u2500\u2500\u2500\u2500\u2500\u2500\u2500\u256f\n        for (const key in data) {\n            if (data.hasOwnProperty(key)) {\n                const elementsByClass = document.querySelectorAll(`${key}`);\n                elementsByClass.forEach(element => {\n                    if (data[key].hasOwnProperty('innertext') && data[key].innertext !== \"\") {\n                        element.innerText = data[key].innertext;\n                        element.offsetHeight;\n                        element.style.display = 'none';\n                        element.offsetHeight; \/\/ Reflow again to ensure the display change takes effect\n                        element.style.display = ''; \/\/ Repaint\n                    }\n                });\n            }\n        }\n    })\n    .catch(error => console.error('Error fetching or parsing JSON:', error));\n}, 100);"},"carousel":{"type":"h","align":"center","maxV":3,"justify":false,"scale":false,"minS":50,"vScale":false,"oScale":false,"space":0,"rotation":false,"maxR":0,"varR":false,"opacity":true,"maxO":100,"varO":false,"spin":"off","spinA":0,"snap":true,"infinity":false,"skewX":0,"skewY":0,"ease":"power3.inOut","dur":800,"overshoot":false,"stretch":false,"showAllLayers":"false","jMWidth":false,"bR":0,"bRU":"px","pNV":"50px","pT":0,"pB":0},"shdw":0,"bg":{"color":{"type":"solid","orig":"rgba(242, 237, 226, 0)","string":"rgba(242, 237, 226, 0)"}},"mod":{"use":true},"nav":{"p":{"w":50,"h":100}},"sbt":{"use":true,"f":false,"fStart":2000,"fEnd":4000,"layers":false,"e":"none","s":0.5,"pull":false,"nL":true},"thumb":"assets\/black_on_white_1920x1080.png","aU":["particlewave","transitionpack"],"imgs":[{"src":"\/\/localhost:8100\/wp-content\/uploads\/revslider\/svg\/objects\/svgcustom\/LondonParkour_wide.svg"}],"version":""},"slides":{"11":{"id":11,"slide":{"addOns":[],"id":"11","version":"6.7.13","title":"","parentId":null,"language":"default","order":1,"thumb":{"src":"assets\/csw-hero-thumb.jpg","srcId":"","admin":"assets\/black_on_white_1920x1080.png","adminId":"67","dimension":"slider"},"description":"","attr":{"class":"","data":"","id":"","a":"","aO":"ml","t":"","tO":"","deepLink":"","attr":""},"publish":{"from":"","to":"","state":""},"slideshow":{"stop":false,"len":"default","hal":0,"hom":false,"hfn":false},"loop":{"u":false,"r":-1,"s":0,"e":99999}},"layers":{"2":{"fluid":{"tx":true,"tr":true,"sp":true},"id":2,"alias":"Copy parkour","content":{"text":"PARKOUR"},"size":{"w":["786px","786px","745px","566px","349px"],"h":["#a","auto","auto","auto","auto"],"minW":["none","none","none","none","none"],"minH":["0px","0px","none","none","none"]},"pos":{"x":["auto","auto","auto","auto","auto"],"y":["auto","auto","auto","auto","auto"],"h":["center","center","center","center","center"],"v":["middle","middle","middle","middle","middle"],"pos":"absolute","float":["none","none","none","none","none"],"clear":["none","none","none","none","none"]},"zIndex":8,"order":8,"display":["block","block","block","block","block"],"vA":"top","bg":{"color":{"orig":"transparent","type":"solid","string":"transparent"}},"attr":{"aO":"ml","id":"Slide1Text2ID","class":"Slide1Text2Class AllClass Slide1Class TextClass","tO":"ml"},"tl":{"in":{"content":{"pers":"600px","orig":{"x":"50%","y":"50%","z":"0"},"all":[{"t":0,"d":0,"f":0,"e":"power4.inOut","pE":"d","x":[0,0,0,0,0],"y":[0,0,0,0,0],"o":0,"xRe":0,"yRe":0,"off":0},{"t":0,"d":1200,"f":1200,"e":"power4.inOut","pE":"d","x":["14px","14px","13px","9px","5px"],"y":["4px","4px","3px","2px","1px"],"o":1,"fx":"cright","fxc":"#ffffff","fxe":"power4.inOut","fxs":1200,"xRe":0,"yRe":0,"off":0},{"t":5000,"d":1000,"f":1000,"e":"power4.inOut","pE":"n","x":["inherit","inherit","inherit","inherit","inherit"],"y":["inherit","inherit","inherit","inherit","inherit"],"o":0,"xRe":0,"yRe":0,"off":0}]}},"out":{"content":{"pers":"600px","orig":{"x":"50%","y":"50%","z":"0"},"all":[{"t":5000,"d":1000,"f":1000,"e":"power4.inOut","pE":"n","x":["inherit","inherit","inherit","inherit","inherit"],"y":["inherit","inherit","inherit","inherit","inherit"],"o":0,"xRe":0,"yRe":0,"off":0}]}}},"p":{"t":[0,0,0,0,0],"b":[0,0,0,0,0],"l":[0,0,0,0,0],"r":[0,0,0,0,0]},"m":{"t":[0,0,0,0,0],"b":[0,0,0,0,0],"l":[0,0,0,0,0],"r":[0,0,0,0,0]},"radius":{"t":"0px","r":"0px","b":"0px","l":"0px"},"color":["#fff","#fff","#fff","#fff","#fff"],"font":{"family":"Poppins","size":["160px","160px","151px","114px","70px"],"weight":["800","800","800","800","800"],"ls":["-4","-4","-3","-2","-1"]},"lh":["160px","160px","151px","114px","70px"],"mod":{"s":{"ut":false,"so":0}},"type":"text","toggle":{"text":""}},"7":{"fluid":{"tx":true,"tr":true,"sp":true},"id":7,"alias":"Copy youth","content":{"text":"YOUTH"},"size":{"w":["auto","auto","auto","auto","auto"],"h":["auto","auto","auto","auto","auto"],"minW":["none","none","none","none","none"],"minH":["0px","0px","none","none","none"]},"pos":{"x":["120px","120px","113px","85px","52px"],"y":["720px","720px","682px","518px","319px"],"pos":"absolute","float":["none","none","none","none","none"],"clear":["none","none","none","none","none"]},"zIndex":9,"order":9,"display":["block","block","block","block","block"],"vA":"top","bg":{"color":{"orig":"transparent","type":"solid","string":"transparent"}},"attr":{"aO":"ml","id":"Slide1Text1ID","class":"Slide1Text1Class AllClass Slide1Class TextClass","tO":"ml"},"tl":{"in":{"chars":{"pers":"600px","orig":{"x":"50%","y":"50%","z":"0"},"all":[{"t":0,"d":0,"f":0,"e":"power3.inOut","x":[0,0,0,0,0],"y":[0,0,0,0,0],"o":"inherit","dir":"start","delay":5,"xRe":1,"yRe":1,"off":0},{"t":520,"d":1200,"f":1200,"e":"power4.inOut","x":["0px","0px","0px","0px","0px"],"y":[0,0,0,0,0],"o":1,"dir":"start","delay":5,"xRe":1,"yRe":1,"off":0},{"t":5000,"d":1000,"f":1000,"e":"power4.inOut","x":["inherit","inherit","inherit","inherit","inherit"],"y":["inherit","inherit","inherit","inherit","inherit"],"o":1,"dir":"start","delay":5,"xRe":1,"yRe":1,"off":0}]},"content":{"pers":"600px","orig":{"x":"50%","y":"50%","z":"0"},"all":[{"t":0,"d":0,"f":0,"e":"power4.inOut","pE":"d","x":[0,0,0,0,0],"y":[0,0,0,0,0],"o":0,"xRe":0,"yRe":0,"off":0},{"t":520,"d":1450,"f":1450,"e":"power4.inOut","pE":"d","x":[0,0,0,0,0],"y":[0,0,0,0,0],"o":1,"fx":"cright","fxc":"#ffffff","fxe":"power4.inOut","fxs":1450,"xRe":0,"yRe":0,"off":0},{"t":5000,"d":1000,"f":1000,"e":"power4.inOut","pE":"n","x":["inherit","inherit","inherit","inherit","inherit"],"y":["inherit","inherit","inherit","inherit","inherit"],"o":0,"xRe":0,"yRe":0,"off":0}]}},"out":{"chars":{"pers":"600px","orig":{"x":"50%","y":"50%","z":"0"},"all":[{"t":5000,"d":1000,"f":1000,"e":"power4.inOut","x":["inherit","inherit","inherit","inherit","inherit"],"y":["inherit","inherit","inherit","inherit","inherit"],"o":1,"dir":"start","delay":5,"xRe":1,"yRe":1,"off":0}]},"content":{"pers":"600px","orig":{"x":"50%","y":"50%","z":"0"},"all":[{"t":5000,"d":1000,"f":1000,"e":"power4.inOut","pE":"n","x":["inherit","inherit","inherit","inherit","inherit"],"y":["inherit","inherit","inherit","inherit","inherit"],"o":0,"xRe":0,"yRe":0,"off":0}]}}},"p":{"t":[0,0,0,0,0],"b":[0,0,0,0,0],"l":[0,0,0,0,0],"r":[0,0,0,0,0]},"m":{"t":[0,0,0,0,0],"b":[0,0,0,0,0],"l":[0,0,0,0,0],"r":[0,0,0,0,0]},"radius":{"t":"0px","r":"0px","b":"0px","l":"0px"},"color":["#fff","#fff","#fff","#fff","#fff"],"font":{"family":"Poppins","size":["160px","160px","151px","114px","70px"],"weight":["800","800","800","800","800"],"ls":["-4","-4","-3","-2","-1"]},"lh":["160px","160px","151px","114px","70px"],"mod":{"s":{"ut":false,"so":0}},"type":"text","toggle":{"text":""}},"8":{"rTo":"slide","id":8,"alias":"Slide BG Layer","subtype":"slidebg","size":{"cMode":"cover"},"pos":{"h":["center","center","center","center","center"],"v":["center","center","center","center","center"],"pos":"absolute"},"zIndex":0,"order":0,"display":["block","block","block","block","block"],"tl":{"in":{"bg":{"ms":1000,"rnd":false,"temp":{"t":"*west* Uniform","p":"slotslide-horizontal","m":"columns","g":"slide"},"addOns":[],"f":"nodelay","in":{"o":1,"x":"(100%)","m":true,"col":5},"out":{"a":false}}}},"type":"shape"}}},"14":{"id":14,"slide":{"addOns":[],"id":14,"version":"6.7.13","title":"","parentId":null,"language":"default","order":2,"thumb":{"src":"assets\/csw-hero-thumb.jpg","srcId":"","admin":"assets\/black_on_white_1920x1080.png","adminId":"67","dimension":"slider"},"description":"","attr":{"class":"","data":"","id":"","a":"","aO":"ml","t":"","tO":"","deepLink":"","attr":""},"publish":{"from":"","to":"","state":""},"slideshow":{"stop":false,"len":"default","hal":0,"hom":false,"hfn":false},"loop":{"u":false,"r":-1,"s":0,"e":99999}},"layers":{"2":{"fluid":{"tx":true,"tr":true,"sp":true},"id":2,"alias":"Copy parkour","content":{"text":"MORNINGS"},"size":{"w":["786px","786px","745px","566px","349px"],"h":["#a","auto","auto","auto","auto"],"minW":["none","none","none","none","none"],"minH":["0px","0px","none","none","none"]},"pos":{"x":["auto","auto","auto","auto","auto"],"y":["auto","auto","auto","auto","auto"],"h":["center","center","center","center","center"],"v":["middle","middle","middle","middle","middle"],"pos":"absolute","float":["none","none","none","none","none"],"clear":["none","none","none","none","none"]},"zIndex":8,"order":8,"display":["block","block","block","block","block"],"vA":"top","bg":{"color":{"orig":"transparent","type":"solid","string":"transparent"}},"attr":{"aO":"ml","id":"Slide2Text2ID","class":"Slide2Text2Class AllClass Slide2Class TextClass","tO":"ml"},"tl":{"in":{"content":{"pers":"600px","orig":{"x":"50%","y":"50%","z":"0"},"all":[{"t":0,"d":0,"f":0,"e":"power4.inOut","pE":"d","x":[0,0,0,0,0],"y":[0,0,0,0,0],"o":0,"xRe":0,"yRe":0,"off":0},{"t":0,"d":1200,"f":1200,"e":"power4.inOut","pE":"d","x":["14px","14px","13px","9px","5px"],"y":["4px","4px","3px","2px","1px"],"o":1,"fx":"cright","fxc":"#ffffff","fxe":"power4.inOut","fxs":1200,"xRe":0,"yRe":0,"off":0},{"t":5000,"d":1000,"f":1000,"e":"power4.inOut","pE":"n","x":["inherit","inherit","inherit","inherit","inherit"],"y":["inherit","inherit","inherit","inherit","inherit"],"o":0,"xRe":0,"yRe":0,"off":0}]}},"out":{"content":{"pers":"600px","orig":{"x":"50%","y":"50%","z":"0"},"all":[{"t":5000,"d":1000,"f":1000,"e":"power4.inOut","pE":"n","x":["inherit","inherit","inherit","inherit","inherit"],"y":["inherit","inherit","inherit","inherit","inherit"],"o":0,"xRe":0,"yRe":0,"off":0}]}}},"p":{"t":[0,0,0,0,0],"b":[0,0,0,0,0],"l":[0,0,0,0,0],"r":[0,0,0,0,0]},"m":{"t":[0,0,0,0,0],"b":[0,0,0,0,0],"l":[0,0,0,0,0],"r":[0,0,0,0,0]},"radius":{"t":"0px","r":"0px","b":"0px","l":"0px"},"color":["#fff","#fff","#fff","#fff","#fff"],"font":{"family":"Poppins","size":["160px","160px","151px","114px","70px"],"weight":["800","800","800","800","800"],"ls":["-4","-4","-3","-2","-1"]},"lh":["160px","160px","151px","114px","70px"],"mod":{"s":{"ut":false,"so":0}},"type":"text","toggle":{"text":""}},"7":{"fluid":{"tx":true,"tr":true,"sp":true},"id":7,"alias":"Copy youth","content":{"text":"SUNDAY"},"size":{"w":["auto","auto","auto","auto","auto"],"h":["auto","auto","auto","auto","auto"],"minW":["none","none","none","none","none"],"minH":["0px","0px","none","none","none"]},"pos":{"x":["120px","120px","113px","85px","52px"],"y":["720px","720px","682px","518px","319px"],"pos":"absolute","float":["none","none","none","none","none"],"clear":["none","none","none","none","none"]},"zIndex":9,"order":9,"display":["block","block","block","block","block"],"vA":"top","bg":{"color":{"orig":"transparent","type":"solid","string":"transparent"}},"attr":{"aO":"ml","id":"Slide2Text1ID","class":"Slide2Text1Class AllClass Slide2Class TextClass","tO":"ml"},"tl":{"in":{"chars":{"pers":"600px","orig":{"x":"50%","y":"50%","z":"0"},"all":[{"t":0,"d":0,"f":0,"e":"power3.inOut","x":[0,0,0,0,0],"y":[0,0,0,0,0],"o":"inherit","dir":"start","delay":5,"xRe":1,"yRe":1,"off":0},{"t":520,"d":1200,"f":1200,"e":"power4.inOut","x":["0px","0px","0px","0px","0px"],"y":[0,0,0,0,0],"o":1,"dir":"start","delay":5,"xRe":1,"yRe":1,"off":0},{"t":5000,"d":1000,"f":1000,"e":"power4.inOut","x":["inherit","inherit","inherit","inherit","inherit"],"y":["inherit","inherit","inherit","inherit","inherit"],"o":1,"dir":"start","delay":5,"xRe":1,"yRe":1,"off":0}]},"content":{"pers":"600px","orig":{"x":"50%","y":"50%","z":"0"},"all":[{"t":0,"d":0,"f":0,"e":"power4.inOut","pE":"d","x":[0,0,0,0,0],"y":[0,0,0,0,0],"o":0,"xRe":0,"yRe":0,"off":0},{"t":520,"d":1500,"f":1500,"e":"power4.inOut","pE":"d","x":[0,0,0,0,0],"y":[0,0,0,0,0],"o":1,"fx":"cright","fxc":"#ffffff","fxe":"power4.inOut","fxs":1500,"xRe":0,"yRe":0,"off":0},{"t":5000,"d":1000,"f":1000,"e":"power4.inOut","pE":"n","x":["inherit","inherit","inherit","inherit","inherit"],"y":["inherit","inherit","inherit","inherit","inherit"],"o":0,"xRe":0,"yRe":0,"off":0}]}},"out":{"chars":{"pers":"600px","orig":{"x":"50%","y":"50%","z":"0"},"all":[{"t":5000,"d":1000,"f":1000,"e":"power4.inOut","x":["inherit","inherit","inherit","inherit","inherit"],"y":["inherit","inherit","inherit","inherit","inherit"],"o":1,"dir":"start","delay":5,"xRe":1,"yRe":1,"off":0}]},"content":{"pers":"600px","orig":{"x":"50%","y":"50%","z":"0"},"all":[{"t":5000,"d":1000,"f":1000,"e":"power4.inOut","pE":"n","x":["inherit","inherit","inherit","inherit","inherit"],"y":["inherit","inherit","inherit","inherit","inherit"],"o":0,"xRe":0,"yRe":0,"off":0}]}}},"p":{"t":[0,0,0,0,0],"b":[0,0,0,0,0],"l":[0,0,0,0,0],"r":[0,0,0,0,0]},"m":{"t":[0,0,0,0,0],"b":[0,0,0,0,0],"l":[0,0,0,0,0],"r":[0,0,0,0,0]},"radius":{"t":"0px","r":"0px","b":"0px","l":"0px"},"color":["#fff","#fff","#fff","#fff","#fff"],"font":{"family":"Poppins","size":["160px","160px","151px","114px","70px"],"weight":["800","800","800","800","800"],"ls":["-4","-4","-3","-2","-1"]},"lh":["160px","160px","151px","114px","70px"],"mod":{"s":{"ut":false,"so":0}},"type":"text","toggle":{"text":""}},"8":{"rTo":"slide","id":8,"alias":"Slide BG Layer","subtype":"slidebg","size":{"cMode":"cover"},"pos":{"h":["center","center","center","center","center"],"v":["center","center","center","center","center"],"pos":"absolute"},"zIndex":0,"order":0,"display":["block","block","block","block","block"],"tl":{"in":{"bg":{"ms":1000,"rnd":false,"temp":{"t":"*opacity* Fade In","p":"fade","m":"basic","g":"fade"},"addOns":[],"in":{"o":0},"out":{"a":false}}}},"type":"shape"}}},"8":{"id":"8","slide":{"addOns":[],"id":"8","version":"6.7.13","title":"Global Layers","parentId":null,"language":"default","oflow":false,"global":true,"respVP":true,"pos":"front","fullHeight":true},"layers":{"5":{"fluid":{"tx":true,"tr":true,"sp":true},"id":5,"alias":"Copy   logo","content":{"color":["#ffffff","#ffffff","#ffffff","#ffffff","#ffffff"],"src":"\/\/localhost:8100\/wp-content\/uploads\/revslider\/svg\/objects\/svgcustom\/LondonParkour_wide.svg"},"size":{"w":["600px","600px","568px","431px","265px"],"h":["200px","200px","189px","143px","88px"],"minW":["none","none","none","none","none"],"minH":["none","none","none","none","none"],"sProp":true},"pos":{"x":["auto","auto","auto","auto","auto"],"y":["auto","auto","auto","auto","auto"],"h":["center","center","center","center","center"],"pos":"absolute","float":["none","none","none","none","none"],"clear":["none","none","none","none","none"]},"zIndex":10,"order":10,"display":["block","block","block","block","block"],"vA":"top","bg":{"color":{"orig":"transparent","type":"solid","string":"transparent"}},"attr":{"aO":"ml","id":"LogoID","class":"LogoClass AllClass","tO":"ml"},"tl":{"in":{"content":{"pers":"600px","orig":{"x":"50%","y":"50%","z":"0"},"all":[{"t":0,"d":0,"f":0,"e":"power4.inOut","pE":"d","x":[0,0,0,0,0],"y":[0,0,0,0,0],"o":0,"rX":0,"xRe":0,"yRe":0,"off":0},{"t":1700,"d":1200,"f":1200,"e":"power4.inOut","pE":"d","x":[0,0,0,0,0],"y":[0,0,0,0,0],"o":1,"rX":0,"fx":"cbottom","fxc":"#ffffff","fxe":"power4.inOut","fxs":1200,"xRe":0,"yRe":0,"off":0}]}},"out":{"content":{"pers":"600px","orig":{"x":"50%","y":"50%","z":"0"},"all":[{"t":0,"d":1750,"f":1750,"e":"power4.inOut","pE":"n","x":["inherit","inherit","inherit","inherit","inherit"],"y":["0","0","0","0","0"],"o":0,"rX":"70deg","xRe":0,"yRe":0,"off":0}]}}},"sStart":1,"sEnd":"last","p":{"t":[0,0,0,0,0],"b":[0,0,0,0,0],"l":[0,0,0,0,0],"r":[0,0,0,0,0]},"m":{"t":[0,0,0,0,0],"b":[0,0,0,0,0],"l":[0,0,0,0,0],"r":[0,0,0,0,0]},"mod":{"s":{"ut":false,"so":0}},"type":"svg"},"6":{"addOns":{"particlewave":{"type":"plainx","s":"10%","c":"4%","a":"10%","rv":"0","scene":{"kC":true,"a":0,"t":"89deg","sx":"0","sy":"0","sz":"-9","dpr":1},"particle":{"on":false,"particle":"default","c":"color","bg":"default","bgfit":"cover","bgpos":"center center","s":"50","gs":"50%","g":"20","a":"100"},"lines":{"pO":true,"bF":false,"con":"triangles","cC":false,"c":"transparent","f":"shiney","o":50,"hS":0},"balance":{"f":"off","oI":"50%"},"color":{"c":{"type":"solid","orig":"#ffffff","string":"rgba(255, 255, 255, 1)"},"o":100},"anim":{"mov":"off","p":"upAnDown","pH":"ocean","s":40},"pendulum":{"a":"20deg","t":"23deg","x":"-20","y":0,"z":"5","r":"rounded"},"loop":{"a":-13,"t":8,"z":5},"interaction":{"type":"mousefollow","t":"5deg","r":"5deg","i":50,"s":40,"sh":20,"mb":false},"design":{"fx":"off","f":"-20","a":"4","maxb":"1","minb":0,"bb":true,"fn":"34","fsc":"44","fsz":"119","fgs":false},"wpC":{"type":"radial","angle":"0","easing":"none","strength":100,"orig":[{"rgba":"rgba(68,68,68,1)","p":0,"align":"bottom"},{"rgba":"rgba(68,68,68,1)","p":0,"align":"top"},{"rgba":"rgba(201,201,201,1)","p":100,"align":"top"},{"rgba":"rgba(201,201,201,1)","p":100,"align":"bottom"}],"string":"radial-gradient(circle,rgba(68,68,68,1) 0%,rgba(201,201,201,1) 100%)"},"blend":"additive"}},"rTo":"slide","fluid":{"tx":true,"tr":true,"sp":true},"id":6,"alias":"Copy    particle wave-bg","subtype":"particlewave","size":{"w":["100%","100%","100%","100%","100%"],"h":["100%","100%","100%","100%","100%"],"minW":["none","none","none","none","none"],"minH":["none","none","none","none","none"],"cMode":"cover-proportional","sProp":true},"pos":{"x":["auto","auto","auto","auto","auto"],"y":["auto","auto","auto","auto","auto"],"h":["center","center","center","center","center"],"v":["middle","middle","middle","middle","middle"],"pos":"absolute","float":["none","none","none","none","none"],"clear":["none","none","none","none","none"]},"zIndex":6,"order":6,"display":["block","block","block","block","block"],"vA":"top","bg":{"color":{"type":"solid","orig":"rgba(0, 0, 0, 0)","string":"rgba(0, 0, 0, 0)"}},"attr":{"aO":"ml","tO":"ml","iClass":"tp-shape tp-shapewrapper tp-particlewave"},"tl":{"in":{"content":{"pers":"600px","orig":{"x":"50%","y":"50%","z":"0"},"all":[{"t":0,"d":0,"f":0,"e":"power4.inOut","pE":"d","x":[0,0,0,0,0],"y":[0,0,0,0,0],"o":0,"xRe":0,"yRe":0,"off":0},{"t":0,"d":1500,"f":1500,"e":"power4.inOut","pE":"d","x":[0,0,0,0,0],"y":[0,0,0,0,0],"o":1,"xRe":0,"yRe":0,"off":0}]}},"out":{"content":{"pers":"600px","orig":{"x":"50%","y":"50%","z":"0"},"all":[{"t":0,"d":300,"f":300,"e":"power3.inOut","pE":"n","x":["inherit","inherit","inherit","inherit","inherit"],"y":["inherit","inherit","inherit","inherit","inherit"],"o":0,"xRe":0,"yRe":0,"off":0}]}}},"sStart":1,"sEnd":"last","p":{"t":[0,0,0,0,0],"b":[0,0,0,0,0],"l":[0,0,0,0,0],"r":[0,0,0,0,0]},"m":{"t":[0,0,0,0,0],"b":[0,0,0,0,0],"l":[0,0,0,0,0],"r":[0,0,0,0,0]},"mod":{"s":{"ut":false,"so":0}},"type":"shape"}}}},"id":"10","addOns":{"particlewave":"revslider-particlewave-addon\/public\/js\/particlewave.js","pwURL":".\/revslider-particlewave-addon\/","transitionpack":"revslider-transitionpack-addon\/public\/js\/transitionpack.js","tpackURL":".\/revslider-transitionpack-addon\/"}}
