{"settings":{"migrated":"sr6","addOns":{"particlewave":{"u":true}},"title":"004-wave-grid","alias":"004-wave-grid","type":"standard","fonts":{"Poppins":{"name":"Poppins","normal":{"800":true},"subset":{"latin":true}}},"vPort":["100px","100px","100px","100px","100px"],"size":{"fullWidth":false,"fullHeightOffset":",","contentFH":true,"width":[1080,1080,1024,778,480],"height":[1920,1920,1820,1383,853],"cachedHeight":[1920,1920,768,960,720],"minHeight":["1920px","1920px","1920px","1920px","1920px"],"maxHeight":["1920px","1920px","1920px","1920px","1920px"],"maxWidth":"1080px"},"snap":{"adjust":"grid","gap":60},"default":{"len":"6000ms"},"codes":{"js":"function fetchFile(url1, url2) {\n    return new Promise((resolve, reject) => {\n        \/\/ Attempt to fetch from the first URL\n        fetch(url1)\n            .then(response => {\n                if (response.ok) {\n                    resolve(response);\n                } else {\n                    \/\/ If fetch from the first URL fails, attempt the second URL\n                    fetch(url2)\n                        .then(response => {\n                            if (response.ok) {\n                                resolve(response);\n                            } else {\n                                reject(new Error('File not found in both locations'));\n                            }\n                        })\n                        .catch(error => reject(error));\n                }\n            })\n            .catch(() => {\n                \/\/ If fetch from the first URL fails, attempt the second URL\n                fetch(url2)\n                    .then(response => {\n                        if (response.ok) {\n                            resolve(response);\n                        } else {\n                            reject(new Error('File not found in both locations'));\n                        }\n                    })\n                    .catch(error => reject(error));\n            });\n    });\n}\n\n\/\/ Check both of the locations for file\nvar url1 = '.\/inputs.json';\nvar url2 = '.\/wp-content\/themes\/slider\/inputs.json';\n\nfetchFile(url1, url2)\n    .then(response => response.json())\n    .then(data => {\n        console.log(data);\n        \n        \/\/ Generate CSS rules with !important based on JSON data\n        let cssRules = '';\n        for (const key in data) {\n            if (data.hasOwnProperty(key)) {\n                if (typeof data[key] === 'object' && data[key].hasOwnProperty('style')) {\n                    const styleObj = data[key].style;\n                    cssRules += `#${key} {`;\n                    for (const styleKey in styleObj) {\n                        if (styleObj.hasOwnProperty(styleKey)) {\n                            cssRules += `${styleKey}: ${styleObj[styleKey]} !important; `;\n                        }\n                    }\n                    cssRules += `}\\n`;\n                }\n            }\n        }\n\n        \/\/ Create <style> element and append to <head>\n        const styleElement = document.createElement('style');\n        styleElement.textContent = cssRules;\n        document.head.appendChild(styleElement);\n        \n        \/\/ Continue with updating innerText if needed\n        for (const key in data) {\n            if (data.hasOwnProperty(key)) {\n                const elementById = document.getElementById(key);\n                if (elementById) {\n                    if (typeof data[key] === 'object' && data[key].hasOwnProperty('innerText')) {\n                        elementById.innerText = data[key].innerText;\n                    }\n                }\n            }\n        }\n    })\n    .catch(error => console.error('Error fetching or parsing JSON:', error));\n"},"carousel":{"type":"h","align":"center","maxV":3,"justify":false,"scale":false,"minS":50,"vScale":false,"oScale":false,"space":0,"rotation":false,"maxR":0,"varR":false,"opacity":true,"maxO":100,"varO":false,"spin":"off","spinA":0,"snap":true,"infinity":false,"skewX":0,"skewY":0,"ease":"power3.inOut","dur":800,"overshoot":false,"stretch":false,"showAllLayers":"false","jMWidth":false,"bR":0,"bRU":"px","pNV":"50px","pT":0,"pB":0},"shdw":0,"bg":{"color":{"orig":"transparent","type":"solid","string":"transparent"}},"nav":{"p":{"w":50,"h":100}},"thumb":{"color":"transparent"},"aU":["particlewave"],"imgs":[{"src":"\/\/localhost:8100\/wp-content\/uploads\/revslider\/svg\/objects\/svgcustom\/LondonParkour_wide.svg"}],"version":""},"slides":{"9":{"id":9,"slide":{"addOns":[],"id":9,"version":"6.7.13","title":"Sunday Mornings","parentId":null,"language":"default","order":2,"thumb":{"src":"","srcId":"","admin":"","adminId":"","dimension":"slider","default":{"color":"transparent"}},"description":"","attr":{"class":"","data":"","id":"","a":"","aO":"ml","t":"","tO":"","deepLink":"","attr":""},"publish":{"from":"","to":"","state":""},"slideshow":{"stop":false,"len":"default","hal":0,"hom":false,"hfn":false},"loop":{"u":false,"r":-1,"s":0,"e":99999}},"layers":{"0":{"fluid":{"tx":true,"tr":true,"sp":true},"id":0,"alias":"Sunday","content":{"text":"SUNDAY"},"size":{"w":["auto","auto","auto","auto","auto"],"h":["auto","auto","auto","auto","auto"],"minW":["none","none","none","none","none"],"minH":["0px","0px","none","none","none"]},"pos":{"x":["120px","120px","113px","85px","52px"],"y":["720px","720px","682px","518px","319px"],"pos":"absolute","float":["none","none","none","none","none"],"clear":["none","none","none","none","none"]},"zIndex":9,"order":9,"display":["block","block","block","block","block"],"vA":"top","bg":{"color":{"orig":"transparent","type":"solid","string":"transparent"}},"attr":{"aO":"ml","tO":"ml"},"tl":{"in":{"content":{"pers":"600px","orig":{"x":"50%","y":"50%","z":"0"},"all":[{"t":0,"d":0,"f":0,"e":"power3.inOut","pE":"d","x":[0,0,0,0,0],"y":["50","50","47","35","21"],"o":0,"xRe":0,"yRe":0,"off":0},{"t":0,"d":1000,"f":1000,"e":"power3.inOut","pE":"d","x":[0,0,0,0,0],"y":[0,0,0,0,0],"o":1,"xRe":0,"yRe":0,"off":0},{"t":5000,"d":1000,"f":1000,"e":"power4.inOut","pE":"n","x":["inherit","inherit","inherit","inherit","inherit"],"y":["inherit","inherit","inherit","inherit","inherit"],"o":0,"xRe":0,"yRe":0,"off":0}]}},"out":{"content":{"pers":"600px","orig":{"x":"50%","y":"50%","z":"0"},"all":[{"t":5000,"d":1000,"f":1000,"e":"power4.inOut","pE":"n","x":["inherit","inherit","inherit","inherit","inherit"],"y":["inherit","inherit","inherit","inherit","inherit"],"o":0,"xRe":0,"yRe":0,"off":0}]}}},"p":{"t":[0,0,0,0,0],"b":[0,0,0,0,0],"l":[0,0,0,0,0],"r":[0,0,0,0,0]},"m":{"t":[0,0,0,0,0],"b":[0,0,0,0,0],"l":[0,0,0,0,0],"r":[0,0,0,0,0]},"radius":{"t":"0px","r":"0px","b":"0px","l":"0px"},"color":["#fff","#fff","#fff","#fff","#fff"],"font":{"family":"Poppins","size":["160px","160px","151px","114px","70px"],"weight":["800","800","800","800","800"],"ls":["-4","-4","-3","-2","-1"]},"lh":["160px","160px","151px","114px","70px"],"type":"text","toggle":{"text":""}},"1":{"addOns":{"particlewave":{"type":"plainx","s":"10%","c":"4%","a":"10%","rv":"0","scene":{"kC":true,"a":0,"t":"89deg","sx":"0","sy":"0","sz":"-9","dpr":1},"particle":{"on":false,"particle":"default","c":"color","bg":"default","bgfit":"cover","bgpos":"center center","s":"50","gs":"50%","g":"20","a":"100"},"lines":{"pO":true,"bF":false,"con":"triangles","cC":false,"c":"transparent","f":"shiney","o":50,"hS":0},"balance":{"f":"off","oI":"50%"},"color":{"c":{"type":"solid","orig":"#ffffff","string":"rgba(255, 255, 255, 1)"},"o":100},"anim":{"mov":"off","p":"upAnDown","pH":"ocean","s":40},"pendulum":{"a":"20deg","t":"23deg","x":"-20","y":0,"z":"5","r":"rounded"},"loop":{"a":-13,"t":8,"z":5},"interaction":{"type":"mousefollow","t":"5deg","r":"5deg","i":50,"s":40,"sh":20,"mb":false},"design":{"fx":"off","f":"-20","a":"4","maxb":"1","minb":0,"bb":true,"fn":"34","fsc":"44","fsz":"119","fgs":false},"wpC":{"type":"radial","angle":"0","easing":"none","strength":100,"orig":[{"rgba":"rgba(68,68,68,1)","p":0,"align":"bottom"},{"rgba":"rgba(68,68,68,1)","p":0,"align":"top"},{"rgba":"rgba(201,201,201,1)","p":100,"align":"top"},{"rgba":"rgba(201,201,201,1)","p":100,"align":"bottom"}],"string":"radial-gradient(circle,rgba(68,68,68,1) 0%,rgba(201,201,201,1) 100%)"},"blend":"additive"}},"rTo":"slide","fluid":{"tx":true,"tr":true,"sp":true},"id":1,"alias":"Copy   particle wave-bg","subtype":"particlewave","size":{"w":["100%","100%","100%","100%","100%"],"h":["100%","100%","100%","100%","100%"],"minW":["none","none","none","none","none"],"minH":["none","none","none","none","none"],"cMode":"cover-proportional","sProp":true},"pos":{"x":["auto","auto","auto","auto","auto"],"y":["auto","auto","auto","auto","auto"],"h":["center","center","center","center","center"],"v":["middle","middle","middle","middle","middle"],"pos":"absolute","float":["none","none","none","none","none"],"clear":["none","none","none","none","none"]},"zIndex":6,"order":6,"display":["block","block","block","block","block"],"vA":"top","bg":{"color":{"type":"solid","orig":"rgba(0, 0, 0, 0)","string":"rgba(0, 0, 0, 0)"}},"attr":{"aO":"ml","tO":"ml","iClass":"tp-shape tp-shapewrapper tp-particlewave"},"tl":{"in":{"content":{"pers":"600px","orig":{"x":"50%","y":"50%","z":"0"},"all":[{"t":0,"d":0,"f":0,"e":"power4.inOut","pE":"d","x":[0,0,0,0,0],"y":[0,0,0,0,0],"o":0,"xRe":0,"yRe":0,"off":0},{"t":0,"d":1500,"f":1500,"e":"power4.inOut","pE":"d","x":[0,0,0,0,0],"y":[0,0,0,0,0],"o":1,"xRe":0,"yRe":0,"off":0}]}},"out":{"content":{"pers":"600px","orig":{"x":"50%","y":"50%","z":"0"},"all":[{"t":0,"d":300,"f":300,"e":"power3.inOut","pE":"n","x":["inherit","inherit","inherit","inherit","inherit"],"y":["inherit","inherit","inherit","inherit","inherit"],"o":0,"xRe":0,"yRe":0,"off":0}]}}},"p":{"t":[0,0,0,0,0],"b":[0,0,0,0,0],"l":[0,0,0,0,0],"r":[0,0,0,0,0]},"m":{"t":[0,0,0,0,0],"b":[0,0,0,0,0],"l":[0,0,0,0,0],"r":[0,0,0,0,0]},"type":"shape"},"6":{"fluid":{"tx":true,"tr":true,"sp":true},"id":6,"alias":"Mornings","content":{"text":"MORNINGS"},"size":{"w":["898px","898px","851px","646px","398px"],"h":["#a","auto","auto","auto","auto"],"minW":["none","none","none","none","none"],"minH":["0px","0px","none","none","none"]},"pos":{"x":["auto","auto","auto","auto","auto"],"y":["auto","auto","auto","auto","auto"],"h":["center","center","center","center","center"],"v":["middle","middle","middle","middle","middle"],"pos":"absolute","float":["none","none","none","none","none"],"clear":["none","none","none","none","none"]},"zIndex":8,"order":8,"display":["block","block","block","block","block"],"vA":"top","bg":{"color":{"orig":"transparent","type":"solid","string":"transparent"}},"attr":{"aO":"ml","tO":"ml"},"tl":{"in":{"content":{"pers":"600px","orig":{"x":"50%","y":"50%","z":"0"},"all":[{"t":0,"d":0,"f":0,"e":"power3.inOut","pE":"d","x":[0,0,0,0,0],"y":["50","50","47","35","21"],"o":0,"xRe":0,"yRe":0,"off":0},{"t":400,"d":1000,"f":1000,"e":"power3.inOut","pE":"d","x":[0,0,0,0,0],"y":[0,0,0,0,0],"o":1,"xRe":0,"yRe":0,"off":0},{"t":5000,"d":1000,"f":1000,"e":"power4.inOut","pE":"n","x":["inherit","inherit","inherit","inherit","inherit"],"y":["inherit","inherit","inherit","inherit","inherit"],"o":0,"xRe":0,"yRe":0,"off":0}]}},"out":{"content":{"pers":"600px","orig":{"x":"50%","y":"50%","z":"0"},"all":[{"t":5000,"d":1000,"f":1000,"e":"power4.inOut","pE":"n","x":["inherit","inherit","inherit","inherit","inherit"],"y":["inherit","inherit","inherit","inherit","inherit"],"o":0,"xRe":0,"yRe":0,"off":0}]}}},"p":{"t":[0,0,0,0,0],"b":[0,0,0,0,0],"l":[0,0,0,0,0],"r":[0,0,0,0,0]},"m":{"t":[0,0,0,0,0],"b":[0,0,0,0,0],"l":[0,0,0,0,0],"r":[0,0,0,0,0]},"radius":{"t":"0px","r":"0px","b":"0px","l":"0px"},"color":["#fff","#fff","#fff","#fff","#fff"],"font":{"family":"Poppins","size":["160px","160px","151px","114px","70px"],"weight":["800","800","800","800","800"],"ls":["-4","-4","-3","-2","-1"]},"lh":["160px","160px","151px","114px","70px"],"type":"text","toggle":{"text":""}},"9":{"fluid":{"tx":true,"tr":true,"sp":true},"id":9,"alias":"Logo","content":{"color":["#ffffff","#ffffff","#ffffff","#ffffff","#ffffff"],"src":"\/\/localhost:8100\/wp-content\/uploads\/revslider\/svg\/objects\/svgcustom\/LondonParkour_wide.svg"},"size":{"w":["600px","600px","568px","431px","265px"],"h":["200px","200px","189px","143px","88px"],"minW":["none","none","none","none","none"],"minH":["none","none","none","none","none"],"sProp":true},"pos":{"x":["auto","auto","auto","auto","auto"],"y":["auto","auto","auto","auto","auto"],"h":["center","center","center","center","center"],"pos":"absolute","float":["none","none","none","none","none"],"clear":["none","none","none","none","none"]},"zIndex":10,"order":10,"display":["block","block","block","block","block"],"vA":"top","bg":{"color":{"orig":"transparent","type":"solid","string":"transparent"}},"attr":{"aO":"ml","tO":"ml"},"tl":{"in":{"content":{"pers":"600px","orig":{"x":"50%","y":"50%","z":"0"},"all":[{"t":0,"d":0,"f":0,"e":"power4.inOut","pE":"d","x":[0,0,0,0,0],"y":[0,0,0,0,0],"o":0,"rX":0,"xRe":0,"yRe":0,"off":0},{"t":0,"d":1200,"f":1200,"e":"power4.inOut","pE":"d","x":[0,0,0,0,0],"y":[0,0,0,0,0],"o":1,"rX":0,"fx":"cbottom","fxc":"#ffffff","fxe":"power4.inOut","fxs":1200,"xRe":0,"yRe":0,"off":0},{"t":4250,"d":1750,"f":1750,"e":"power4.inOut","pE":"n","x":["inherit","inherit","inherit","inherit","inherit"],"y":["0","0","0","0","0"],"o":0,"rX":"70deg","xRe":0,"yRe":0,"off":0}]}},"out":{"content":{"pers":"600px","orig":{"x":"50%","y":"50%","z":"0"},"all":[{"t":4250,"d":1750,"f":1750,"e":"power4.inOut","pE":"n","x":["inherit","inherit","inherit","inherit","inherit"],"y":["0","0","0","0","0"],"o":0,"rX":"70deg","xRe":0,"yRe":0,"off":0}]}}},"p":{"t":[0,0,0,0,0],"b":[0,0,0,0,0],"l":[0,0,0,0,0],"r":[0,0,0,0,0]},"m":{"t":[0,0,0,0,0],"b":[0,0,0,0,0],"l":[0,0,0,0,0],"r":[0,0,0,0,0]},"type":"svg"},"10":{"rTo":"slide","id":10,"alias":"Slide BG Layer","subtype":"slidebg","size":{"cMode":"cover"},"pos":{"h":["center","center","center","center","center"],"v":["center","center","center","center","center"],"pos":"absolute"},"zIndex":0,"order":0,"display":["block","block","block","block","block"],"tl":{"in":{"bg":{"ms":1000,"rnd":false,"temp":{"t":"*zoom_out_map* Center Big","p":"centertoedgebox","m":"boxes","g":"circle"},"addOns":[],"f":"center","in":{"o":0,"x":"[-10,10]","y":"[-10,10]","r":"[-10,10]","sx":"0.1","sy":"0.1","row":8,"col":8},"out":{"a":false}}}},"type":"shape"}}}},"id":"8","addOns":{"particlewave":"revslider-particlewave-addon\/public\/js\/particlewave.js","pwURL":".\/revslider-particlewave-addon\/"}}
