{"settings":{"migrated":"sr6","addOns":{"particlewave":{"u":true}},"title":"004-wavegrid","alias":"004-wave-grid","type":"standard","fonts":{"Poppins":{"name":"Poppins","normal":{"800":true},"subset":{"latin":true}}},"vPort":["100px","100px","100px","100px","100px"],"size":{"fullWidth":false,"fullHeightOffset":",","contentFH":true,"width":[1080,1080,1024,778,480],"height":[1920,1920,1820,1383,853],"cachedHeight":[1920,1920,768,960,720],"minHeight":["1920px","1920px","1920px","1920px","1920px"],"maxHeight":["1920px","1920px","1920px","1920px","1920px"],"maxWidth":"1080px"},"snap":{"adjust":"grid","gap":60},"default":{"len":"6000ms"},"codes":{"js":"function fetchFile(url1, url2) {\n    return new Promise((resolve, reject) => {\n        \/\/ Attempt to fetch from the first URL\n        fetch(url1)\n            .then(response => {\n                if (response.ok) {\n                    resolve(response);\n                } else {\n                    \/\/ If fetch from the first URL fails, attempt the second URL\n                    fetch(url2)\n                        .then(response => {\n                            if (response.ok) {\n                                resolve(response);\n                            } else {\n                                reject(new Error('File not found in both locations'));\n                            }\n                        })\n                        .catch(error => reject(error));\n                }\n            })\n            .catch(() => {\n                \/\/ If fetch from the first URL fails, attempt the second URL\n                fetch(url2)\n                    .then(response => {\n                        if (response.ok) {\n                            resolve(response);\n                        } else {\n                            reject(new Error('File not found in both locations'));\n                        }\n                    })\n                    .catch(error => reject(error));\n            });\n    });\n}\n\n\/\/ Check both of the locations for file\nvar url1 = '.\/inputs.json';\nvar url2 = '.\/wp-content\/themes\/slider\/inputs.json';\n\nfetchFile(url1, url2)\n    .then(response => response.json())\n    .then(data => {\n        console.log(data);\n        \n        \/\/ Generate CSS rules with !important based on JSON data\n        let cssRules = '';\n        for (const key in data) {\n            if (data.hasOwnProperty(key)) {\n                if (typeof data[key] === 'object' && data[key].hasOwnProperty('style')) {\n                    const styleObj = data[key].style;\n                    cssRules += `#${key} {`;\n                    for (const styleKey in styleObj) {\n                        if (styleObj.hasOwnProperty(styleKey)) {\n                            cssRules += `${styleKey}: ${styleObj[styleKey]} !important; `;\n                        }\n                    }\n                    cssRules += `}\\n`;\n                }\n            }\n        }\n\n        \/\/ Create <style> element and append to <head>\n        const styleElement = document.createElement('style');\n        styleElement.textContent = cssRules;\n        document.head.appendChild(styleElement);\n        \n        \/\/ Continue with updating innerText if needed\n        for (const key in data) {\n            if (data.hasOwnProperty(key)) {\n                const elementById = document.getElementById(key);\n                if (elementById) {\n                    if (typeof data[key] === 'object' && data[key].hasOwnProperty('innerText')) {\n                        elementById.innerText = data[key].innerText;\n                    }\n                }\n            }\n        }\n    })\n    .catch(error => console.error('Error fetching or parsing JSON:', error));\n"},"carousel":{"type":"h","align":"center","maxV":3,"justify":false,"scale":false,"minS":50,"vScale":false,"oScale":false,"space":0,"rotation":false,"maxR":0,"varR":false,"opacity":true,"maxO":100,"varO":false,"spin":"off","spinA":0,"snap":true,"infinity":false,"skewX":0,"skewY":0,"ease":"power3.inOut","dur":800,"overshoot":false,"stretch":false,"showAllLayers":"false","jMWidth":false,"bR":0,"bRU":"px","pNV":"50px","pT":0,"pB":0},"shdw":0,"bg":{"color":{"orig":"transparent","type":"solid","string":"transparent"}},"nav":{"p":{"w":50,"h":100}},"thumb":{"color":"transparent"},"aU":["particlewave"],"imgs":[{"src":"./assets/LondonParkour_wide.svg"}],"version":""},"slides":[],"id":"8"}
